-89.90013190126248, 0.4500158890959369
-89.90013190126248, -1.1694903238204688
-89.49402675711325, 0.4483405378412044
-89.49402675711325, -1.1711656750752013
-89.08792161296401, 0.4466651865864719
-89.08792161296401, -1.1728410263299338
-88.68181646881477, 0.4449898353317394
-88.68181646881477, -1.1745163775846663
-88.27571132466554, 0.44331448407695007
-88.27571132466554, -1.1761917288394557
-87.8696061805163, 0.44163913282221756
-87.8696061805163, -1.1778670800941882
-87.46350103636706, 0.43996378156748506
-87.46350103636706, -1.1795424313489207
-87.05739589221783, 0.43828843031275255
-87.05739589221783, -1.1812177826036532
-86.65129074806859, 0.43661307905802005
-86.65129074806859, -1.1828931338583857
-86.24518560391935, 0.43493772780328754
-86.24518560391935, -1.1845684851131182
-85.83908045977012, 0.4332623765484982
-85.83908045977012, -1.1862438363679075
-85.43297531562088, 0.4315870252937657
-85.43297531562088, -1.18791918762264
-85.02687017147164, 0.4299116740390332
-85.02687017147164, -1.1895945388773725
-84.6207650273224, 0.4282363227843007
-84.6207650273224, -1.191269890132105
-84.21465988317317, 0.4265609715295682
-84.21465988317317, -1.1929452413868376
-83.80855473902393, 0.4248856202748357
-83.80855473902393, -1.19462059264157
-83.4024495948747, 0.42321026902010317
-83.4024495948747, -1.1962959438963026
-83.064028641417, -1.1976920699419225
-82.96250235537968, 0.2594446838691624
-82.65792349726776, -0.5515649360301609
-82.55639721123045, 0.9055718177809808
-82.2743797500157, 0.526523596395748
-82.15706048615037, 3.009282465838396
-81.91339739966082, 5.599487195751749
-81.91339739966082, 2.0365735273356904
-81.77802901827775, 3.4935706685422474
-81.74418692293197, 7.380245966936911
-81.64266063689466, 9.701119367636807
-81.50729225551159, 5.9217130870802634
-81.43960806482005, 8.026791938662427
-81.3448501978519, 11.427364070494036
-81.16887130205389, 9.807131872033949
-80.96581872997928, 13.15327370310041
-80.96581872997928, 11.317833328461916
-80.62739777652158, 8.833194342611193
-80.55971358583004, 12.071927543234722
-80.55971358583004, 10.128520087735069
-80.28897682306388, 7.698143867524095
-80.22129263237234, 10.127123961689506
-80.11976634633503, 5.430137106418329
-79.95055586960618, 7.534797120186852
-79.74750329753157, 4.780798882601573
-79.74750329753157, 2.8913749675324993
-79.34139815338233, 3.645469182305419
-79.34139815338233, 1.8100288076668107
-78.93529300923309, 2.132254698995382
-78.93529300923309, 0.40478140521793193
-78.52918786508386, 1.0509085391297504
-78.52918786508386, -0.6765647546476998
-78.1230827209346, -0.03043762073588141
-78.1230827209346, -1.5419767527911858
-77.71697757678538, -0.5719483762961772
-77.37855662332768, -1.221146987508348
-77.27703033729037, 0.316965076948577
-76.97245147917845, -0.5750198535965296
-76.87092519314113, 0.8821169002146121
-76.49866214433766, 0.17879513596727747
-76.47158846806106, 2.3380250631054764
-76.18280258777715, 1.7969982979076917
-76.06548332391182, 4.279757167350397
-75.82182023742227, 6.708011275972069
-75.68645185603918, 4.494127667901523
-75.5240097983795, 8.812140761843239
-75.41571509327304, 6.652352384286814
-75.28034671188996, 11.564296113048215
-75.14497833050687, 8.972527721963786
-75.0096099491238, 12.912767722975389
-74.98253627284718, 15.547052805902354
-74.94192575843226, 10.915097501836101
-74.73887318635764, 12.371815417833432
-74.71179951008102, 18.7849483308986
-74.6711889956661, 14.152993026832348
-74.60350480497456, 16.366038959275556
-74.56966270962879, 21.926204011017205
-74.46813642359149, 23.059439522244986
-74.44106274731487, 25.650537772827533
-74.3327680422084, 19.657918024702383
-74.3056943659318, 28.888991748242063
-74.19739966082533, 21.762717651075377
-74.17032598454871, 32.386566717723156
-74.12971547013379, 23.705845881365917
-74.06203127944224, 26.080842435100806
-74.06203127944224, 27.59238156715611
-74.02818918409648, 35.203921155258456
-73.92666289805916, 36.66105790906954
-73.92666289805916, 29.69718119352916
-73.89958922178255, 38.993035165585525
-73.85897870736763, 32.12616128769457
-73.79129451667609, 43.78632679548332
-73.79129451667609, 41.842919339983666
-73.72361032598454, 34.39291153535925
-73.65592613529302, 47.4566490943422
-73.65592613529302, 45.513241638842544
-73.65592613529302, 37.955545978566136
-73.65592613529302, 36.01213852306648
-73.62208403994724, 49.77780172025109
-73.52055775390993, 55.60760524893641
-73.52055775390993, 53.28631301042293
-73.52055775390993, 51.55883971664548
-73.52055775390993, 40.22229622623087
-73.38518937252685, 57.82037195617045
-73.38518937252685, 43.29879958035366
-73.35811569625024, 60.368283374408634
-73.31750518183532, 47.67118713001878
-73.31750518183532, 45.72777967451913
-73.24982099114376, 64.72970668086214
-73.24982099114376, 62.786299225362484
-73.24982099114376, 50.04618368375367
-73.24982099114376, 51.55772281580897
-73.215978895798, 66.94289222590993
-73.18213680045224, 52.85304856093296
-73.15957540355505, 55.228231264807164
-73.11445260976069, 70.34343643522061
-73.11445260976069, 68.72393022230426
-73.11445260976069, 58.03518921705614
-73.08737893348408, 72.93453468580316
-73.02420702217196, 59.762290210554795
-72.97908422837762, 76.60496867474569
-72.97908422837762, 74.87749538096824
-72.97908422837762, 62.569248162803774
-72.952010552101, 79.15288009298382
-72.91140003768606, 66.45578384859397
-72.91140003768606, 64.67432701438594
-72.84371584699454, 83.51430339943732
-72.84371584699454, 81.57089594393773
-72.84371584699454, 68.3989120788845
-72.80987375164877, 85.72748894448512
-72.77603165630299, 70.01813906659169
-72.75347025940582, 72.06942052788276
-72.70834746561145, 87.50852694087945
-72.68127378933484, 89.77572394887869
-72.64066327491992, 76.17170422525572
-72.64066327491992, 74.55219801233932
-72.61810187802274, 78.54688692913004
-72.57297908422838, 81.35384488137896
-72.50529489353684, 85.24038056716915
-72.48273349663967, 82.86501171315547
-72.30224232146222, 91.06976525804072
-72.30224232146222, 89.12635780254107
-72.30224232146222, 87.18295034704141
-72.03150555869607, 85.34639307156635
-71.89613717731298, 90.85215574506378
-71.89613717731298, 88.90874828956413
-71.89613717731298, 86.96534083406448
-71.8622950819672, 83.53724640412025
-71.7607687959299, 81.1345600171473
-71.7607687959299, 79.2991196425088
-71.6592425098926, 71.95693930614084
-71.62540041454682, 74.00817422989701
-71.62540041454682, 87.18015809495017
-71.62540041454682, 85.23675063945052
-71.5983267382702, 76.55608564813514
-71.5577162238553, 83.29306395874175
-71.49003203316374, 67.52959092781327
-71.49003203316374, 65.58618347231362
-71.49003203316374, 63.75074309767513
-71.49003203316374, 81.34937727803299
-71.45618993781798, 69.85074355372217
-71.4223478424722, 79.08178935474098
-71.38850574712643, 57.21831586776534
-71.35466365178067, 59.32353433195203
-71.35466365178067, 76.81420143144891
-71.3208215564349, 61.59070341743046
-71.28697946108912, 74.54661350815684
-71.28697946108912, 72.60320605265719
-71.25313736574336, 52.84509064247294
-71.2192952703976, 70.33561812936517
-71.18545317505182, 55.436021357929974
-71.15161107970604, 68.39193144865641
-71.15161107970604, 66.44852399315675
-71.15161107970604, 64.5051165376571
-71.0839268890145, 50.90098512395048
-71.0839268890145, 48.957577668450824
-71.0839268890145, 47.122137293812216
-71.0839268890145, 62.56142985694834
-71.01624269832297, 60.617743176239514
-71.01624269832297, 58.67433572073986
-70.98240060297721, 42.80303522155492
-70.94855850763143, 45.07020430703324
-70.94855850763143, 56.73064904003115
-70.94855850763143, 54.7872415845315
-70.8808743169399, 52.843554903822735
-70.81319012624834, 41.182830945615706
-70.81319012624834, 39.23942349011605
-70.81319012624834, 37.2960160346164
-70.81319012624834, 50.89986822311397
-70.81319012624834, 48.95646076761432
-70.74550593555682, 47.01277408690555
-70.67782174486527, 33.19270851147661
-70.67782174486527, 45.06908740619673
-70.64397964951951, 35.51386113738562
-70.61013755417373, 42.80149948290472
-70.5424533634822, 31.248742605558732
-70.5424533634822, 29.413302230920237
-70.47476917279064, 39.885829849236984
-70.47476917279064, 37.94242239373733
-70.40708498209912, 26.767550299405286
-70.33940079140757, 35.0267527600696
-70.33940079140757, 33.083345304569946
-70.27171660071603, 23.47399588272367
-70.2040324100245, 30.491576913485517
-70.2040324100245, 28.548169457985864
-70.13634821933296, 18.722885874417443
-70.10250612398718, 21.09802204075686
-70.06866402864142, 26.28030230948474
-70.03482193329565, 16.239224176798643
-70.00097983794987, 24.336615628775974
-69.93329564725835, 12.837842291860568
-69.8656114565668, 22.39264972285804
-69.83176936122103, 14.456929666963276
-69.79792726587526, 19.801160556982722
-69.79792726587526, 17.85775310148307
-69.73024307518372, 11.0555477820252
-69.59487469380065, 8.91724113055733
-69.59487469380065, 16.561310455522573
-69.5271905031091, 14.29372253223056
-69.45950631241756, 12.026134608938492
-69.45950631241756, 6.3254727394729
-69.32413793103449, 4.0360121747995095
-69.32413793103449, 2.200571800160958
-69.25645374034295, 8.786284507478399
-69.16169587337478, 0.234900787987101
-69.12108535895987, 5.870614873810666
-68.98571697757679, 3.6027477253095412
-68.88419069153947, -2.065942857711491
-68.8503485961937, 1.3348805768083025
-68.78266440550217, -0.6088061039004629
-68.7488223101564, -4.090884074275209
-68.61345392877331, -6.034849980193087
-68.44424345204447, -3.5253134131955335
-68.37655926135292, -8.060210034570503
-68.24119087996985, -6.333295191211278
-68.10582249858678, -9.761808458969199
-67.90276992651215, -8.386065853617595
-67.83508573582061, -11.706332815305359
-67.56434897305445, -10.654770677746171
-67.53727529677784, -13.569993551079278
-67.15824382890523, -12.815787646222816
-67.15824382890523, -14.54326094000021
-66.75213868475598, -13.681199644366188
-66.75213868475598, -15.408672938143752
-66.34603354060675, -14.546611642509674
-66.34603354060675, -16.16611785542608
-66.00761258714905, -16.1675139814717
-65.90608630111174, -14.629401917014832
-65.66919163369136, -15.197206379767465
-65.50674957603167, -13.44880981031963
-65.2630864895421, -13.903276760689096
-65.10064443188242, -11.960539445691381
-64.85698134539288, -11.961544656444232
-64.69453928773319, -10.018807341446461
-64.45087620124363, -10.019812552199312
-64.28843414358394, -8.07707523720154
-63.943244771057095, -7.835573353830625
-63.90940267571133, -5.325478336414847
-63.61159223666855, -3.545250093126924
-63.50329753156209, -5.489104308961203
-63.340855473902394, -0.9551570532972278
-63.30024495948747, -3.5465345290888877
-63.09719238741285, 1.4730970553245015
-63.02950819672131, -0.9564414892591913
-62.799381948370076, 3.3181055471289937
-62.758771433955154, 0.8238984441123307
-62.52864518560392, 6.167319581025367
-62.45419257584322, 3.5758024926291228
-62.257908422837765, 8.757412620855064
-62.217297908422836, 6.166035145063347
-61.9871716600716, 11.347505660684703
-61.94656114565668, 8.59417756360142
-61.74350857358206, 10.05089547959875
-61.60814019219898, 11.453909080374729
-61.581066515922366, 13.937040250096175
-61.337403429432825, 12.640430069010222
-61.202035048049744, 14.097427210216779
-61.168192952703976, 16.364596295695094
-61.032824571320894, 18.469395922068145
-60.93129828528359, 21.06018702492065
-60.86361409459205, 15.715537297087508
-60.79592990390051, 17.172813663503064
-60.76208780855474, 22.84094579610587
-60.66056152251743, 26.02555584369435
-60.66056152251743, 24.2980825499169
-60.66056152251743, 19.277613289876115
-60.63348784624082, 28.57346726193248
-60.52519314113435, 32.93489056838604
-60.52519314113435, 30.991483112886385
-60.49135104578858, 35.148076113433774
-60.457508950442815, 22.029936176206547
-60.38982475975127, 40.276093616521905
-60.38982475975127, 38.33268616102225
-60.38982475975127, 36.6052128672448
-60.362751083474656, 42.824005034760035
-60.322140569059734, 28.183501334870584
-60.322140569059734, 26.24009387937093
-60.322140569059734, 24.29668642387128
-60.2544563783682, 51.50411157565725
-60.2544563783682, 49.560704120157595
-60.2544563783682, 47.61729666465794
-60.2544563783682, 45.67388920915829
-60.2544563783682, 30.126629565161124
-60.18677218767665, 34.01316525095126
-60.18677218767665, 32.23170841674329
-60.119087996985115, 58.84531462379323
-60.119087996985115, 56.901907168293576
-60.119087996985115, 54.95849971279392
-60.119087996985115, 53.01509225729427
-60.119087996985115, 39.84310839224105
-60.119087996985115, 37.8997009367414
-60.119087996985115, 35.956293481241744
-60.08524590163935, 61.05850016884102
-60.05140380629358, 41.30038475865666
-60.02884240939639, 43.513616841239354
-59.983719615602034, 68.1299251274288
-59.983719615602034, 66.18651767192915
-59.983719615602034, 64.2431102164295
-59.983719615602034, 62.51563692265205
-59.983719615602034, 46.32057479348833
-59.95664593932542, 70.67783654566693
-59.9160354249105, 50.207110479278526
-59.9160354249105, 48.4256536450705
-59.84835123421896, 76.98266730762015
-59.84835123421896, 75.0392598521205
-59.84835123421896, 73.09585239662084
-59.84835123421896, 54.09364616506872
-59.84835123421896, 52.15023870956907
-59.814509138873184, 79.19585285266788
-59.780667043527416, 57.332379365692304
-59.780667043527416, 55.712873152775956
-59.758105646630234, 59.70756206956656
-59.71298285283588, 86.26727781125567
-59.71298285283588, 84.32387035575601
-59.71298285283588, 82.38046290025636
-59.71298285283588, 80.65298960647897
-59.71298285283588, 64.4579274773152
-59.71298285283588, 62.51452002181554
-59.685909176559264, 88.8151892294938
-59.64529866214434, 70.28787061860504
-59.64529866214434, 68.34446316310539
-59.62273726524715, 65.9690943090917
-59.5776144714528, 97.27936160866881
-59.5776144714528, 95.33595415316915
-59.5776144714528, 93.3925466976695
-59.5776144714528, 91.44913924216985
-59.5776144714528, 74.17440630439523
-59.5776144714528, 72.23099884889558
-59.54377237610703, 99.6005142345777
-59.50993028076126, 75.79363329210247
-59.48736888386408, 78.27678307683789
-59.44224609006972, 108.7233137295263
-59.44224609006972, 106.7799062740267
-59.44224609006972, 104.83649881852705
-59.44224609006972, 102.8930913630274
-59.44224609006972, 101.05765098838879
-59.44224609006972, 83.24308264630866
-59.44224609006972, 81.29967519080901
-59.41517241379311, 111.35759881245326
-59.37456189937818, 89.07302578759845
-59.37456189937818, 87.1296183320988
-59.352000502481, 84.75424947808511
-59.30687770868664, 119.95133168866153
-59.30687770868664, 118.00792423316187
-59.30687770868664, 116.06451677766222
-59.30687770868664, 114.12110932216257
-59.30687770868664, 91.016154017889
-59.27303561334087, 122.27248431457048
-59.239193517995105, 96.52219591659554
-59.239193517995105, 94.57878846109588
-59.239193517995105, 92.79733162688791
-59.216632121097916, 99.00534570133101
-59.17150932730356, 125.56506144302011
-59.17150932730356, 123.7296210683815
-59.144435651026946, 128.19934652594702
-59.10382513661202, 111.74499586759123
-59.10382513661202, 109.80158841209158
-59.10382513661202, 107.85818095659192
-59.10382513661202, 105.91477350109227
-59.10382513661202, 103.97136604559267
-59.10382513661202, 102.18990921138465
-59.036140945920486, 113.68812409788171
-59.00229885057471, 131.01670096348238
-58.96845675522894, 118.870264754005
-58.96845675522894, 116.92685729850535
-58.96845675522894, 115.307351085589
-58.94589535833176, 121.24544745787932
-58.900772564537405, 132.7977389598767
-58.900772564537405, 125.99581286562795
-58.900772564537405, 124.0524054101283
-58.87369888826079, 135.06493596787595
-58.81052697694868, 127.72291385912649
-58.765404183154324, 137.00789666304104
-58.73833050687771, 139.33987391955696
-58.69771999246279, 130.85349382874966
-58.63003580177124, 142.18975809395516
-58.63003580177124, 134.41612827195655
-58.63003580177124, 132.4727208164569
-58.49466742038817, 138.30238473253763
-58.49466742038817, 136.35897727703798
-58.33222536272847, 140.18034179901872
-58.223930657622006, 142.83588522786698
-57.98703599020162, 138.46224116476083
-57.95319389485585, 142.83476832703047
-57.91935179951008, 141.05317188021792
-57.851667608818545, 134.41291718205167
-57.783983418127, 137.0038478975087
-57.682457132089695, 132.3392511664959
-57.682457132089695, 140.24244148552782
-57.547088750706614, 128.25753705952837
-57.547088750706614, 137.65067309444333
-57.513246655360845, 130.52470614500675
-57.47940456001508, 135.70698641373457
-57.41172036932353, 122.42675624261119
-57.377878273977764, 125.82757967713098
-57.344036178631995, 133.11521802265014
-57.27635198794046, 130.52372885677477
-57.24250989259469, 123.55971252862986
-57.208667797248914, 128.580042176066
-57.14098360655738, 118.43085734991433
-57.10714151121161, 120.64404289496213
-57.07329941586584, 125.98827378498163
-57.03945732052007, 116.27109689487878
-56.93793103448276, 123.07260415131384
-56.87024684379122, 113.92211482312723
-56.80256265309968, 120.15693451764616
-56.80256265309968, 118.21352706214651
-56.73487846240814, 111.41132174268864
-56.59951008102506, 115.45952882456135
-56.59951008102506, 109.27301509122083
-56.53182589033352, 112.70608903739435
-56.464141699641985, 106.98355452654732
-56.464141699641985, 105.04014707104767
-56.328773318258904, 100.55895476489417
-56.328773318258904, 111.0857451488506
-56.30169964198229, 102.66420115160184
-56.26108912756737, 108.49425598297529
-56.19340493687582, 97.31938388864319
-56.159562841530054, 99.26265173153826
-56.125720746184285, 105.25468510672425
-56.05803655549275, 95.75330276573914
-55.990352364801204, 102.33901547305658
-55.92266817410967, 93.18852614486997
-55.85498398341813, 99.42334583938884
-55.85498398341813, 97.47993838388919
-55.75345769738082, 90.83954407311842
-55.69705420513787, 94.67214275601287
-55.68577350668928, 88.41000552853467
-55.58424722065197, 83.71301867326355
-55.51656302996043, 92.94392486167771
-55.489489353683815, 85.81798583476206
-55.44887883926889, 90.6763369383857
-55.354120972300734, 81.54193098224454
-55.31351045788581, 88.40846978988452
-55.211984171848506, 78.85296429586424
-55.17814207650273, 86.14060264138334
-55.17814207650273, 84.19719518588369
-55.11045788581119, 74.47987868317631
-55.076615790465425, 76.74704776865474
-55.04277369511966, 81.9293280373825
-54.97508950442811, 72.21201153467518
-54.97508950442811, 79.9856413566738
-54.907405313736575, 68.48686801975839
-54.83972112304504, 78.04167545075592
-54.80587902769927, 70.1059553948611
-54.772036932353494, 75.45018628488054
-54.772036932353494, 73.50677882938089
-54.70435274166196, 66.16473810561752
-54.568984360278876, 62.979150769797116
-54.568984360278876, 71.5625336982539
-54.50130016958734, 69.29494577496183
-54.4336159788958, 60.30640706806679
-54.36593178820426, 66.7031773838774
-54.36593178820426, 64.75976992837775
-54.29824759751272, 57.55268805569074
-54.208002009924, 62.275875543084624
-54.135805539853024, 54.717882042585245
-54.07263362854092, 59.036304666833644
-53.99366873940079, 51.883159797042424
-53.89214245336348, 49.75039111222219
-53.89214245336348, 48.40080260145851
-53.89214245336348, 56.66028428733205
-53.824458262671946, 54.39269636403998
-53.7567740719804, 46.68356756534888
-53.689089881288865, 52.124829215538796
-53.58756359525155, 44.51273117701811
-53.553721499905784, 49.856962067037614
-53.48603730921425, 42.19102010069099
-53.48603730921425, 40.3555797260525
-53.41835311852271, 46.94129243336988
-53.350668927831165, 37.70982779453743
-53.28298473713963, 44.025622799702205
-53.21530054644809, 34.794158160869756
-53.14761635575655, 41.10995316603447
-53.14761635575655, 39.16654571053482
-53.052858488788395, 32.55856944654323
-52.94456378368193, 36.4125474729496
-52.809195402298855, 30.50079134538663
-52.74151121160731, 33.01074675019788
-52.53845863953269, 26.423917142043933
-52.53845863953269, 31.390402861654138
-52.51138496325608, 28.799081230904278
-52.24064820048992, 24.328127182418598
-52.200037686075, 28.149994309775764
-52.132353495383455, 26.206307629067
-51.963143018654605, 21.670992169878332
-51.8616167326173, 23.613980787564287
-51.590879969851144, 20.859703324769953
-51.18477482570191, 19.292505301029394
-51.15093273035613, 21.18178960349394
-50.914038062935745, 19.399355481053988
-50.77866968155267, 20.586434920107763
-50.751596005276056, 22.961599008968108
-50.480859242509894, 25.551692048797804
-50.46281012499215, 22.420572243770323
-50.23719615602035, 24.5789831102951
-50.203354060674585, 27.97980654481495
-50.10182777463727, 26.305897953654323
-50.0679856792915, 30.084606171188
-49.96645939325419, 32.67539727404056
-49.831091011871116, 28.140221427456424
-49.79724891652535, 34.78005728780903
-49.74084542428239, 30.946993229566033
-49.66188053514227, 37.04680753547365
-49.560354249104954, 32.34982068020253
-49.49267005841342, 34.29294891049301
-49.42498586772188, 35.912175898200246
-49.39114377237611, 39.96080181788665
-49.25577539099303, 42.22755206555132
-49.25577539099303, 38.01683591196877
-49.15424910495572, 44.98029378969545
-49.01888072357264, 46.49127447133253
-49.01888072357264, 41.09292042827792
-49.01888072357264, 39.47341421536157
-48.985038628226874, 48.704460016380324
-48.88351234218956, 52.59085608956593
-48.88351234218956, 50.80939925535796
-48.88351234218956, 43.03576943335935
-48.74814396080648, 54.911589877661186
-48.74814396080648, 46.92202589394037
-48.74814396080648, 44.97861843844072
-48.72107028452987, 57.545874960588094
-48.68045977011494, 48.86515412423091
-48.612775579423406, 50.80828235452145
-48.57893348407764, 60.36322939812345
-48.52252999183468, 52.75131750974225
-48.477407198040325, 64.24962547130906
-48.477407198040325, 62.46816863710103
-48.40972300734879, 55.342062075059914
-48.38716161045161, 57.501310617212084
-48.342038816657244, 67.16417820414028
-48.251793229068525, 60.41586335004331
-48.20667043527417, 70.07873093697157
-48.138986244582625, 62.952624374930394
-48.07130205389109, 72.18353056334456
-48.07130205389109, 65.54355509038743
-48.04422837761447, 74.77462881392711
-47.98105646630237, 68.51227751378866
-47.93593367250801, 77.58132615598095
-47.90885999623139, 80.21561123890785
-47.80056529112493, 85.13846336583907
-47.80056529112493, 83.19505591033942
-47.80056529112493, 71.53461117734156
-47.80056529112493, 69.91510496442515
-47.73288110043339, 75.4211468631317
-47.73288110043339, 73.47773940763204
-47.66519690974185, 89.0247198264201
-47.66519690974185, 87.08131237092044
-47.597512719050314, 79.30740332371278
-47.597512719050314, 77.52594648950475
-47.52982852835877, 81.57443279658656
-47.52982852835877, 83.19393900950291
-47.495986433013, 90.80547859760532
-47.394460146975696, 92.26261535141634
-47.394460146975696, 85.29873863587596
-47.36738647069908, 94.59459260793233
-47.32677595628415, 87.72771873004137
-47.259091765592615, 99.38788423783018
-47.259091765592615, 97.44447678233053
-47.259091765592615, 89.67084696033191
-47.12372338420953, 102.84227237496691
-47.12372338420953, 100.89886491946726
-47.12372338420953, 93.557103420913
-47.12372338420953, 91.61369596541334
-47.089881288863765, 105.05545792001465
-47.033477796620815, 95.50013857613379
-46.98835500282646, 108.94185399320025
-46.98835500282646, 107.16039715899223
-46.898109415237734, 98.41469130896502
-46.85298662144338, 111.26258778129551
-46.85298662144338, 101.3296163420751
-46.82591294516676, 113.89687286422247
-46.78530243075184, 105.21615202786523
-46.76274103385466, 102.84078317385155
-46.7176182400603, 118.81972499115363
-46.7176182400603, 116.87631753565398
-46.7176182400603, 107.15928025815572
-46.62737265247158, 108.67044708993222
-46.58224985867722, 120.76257399623506
-46.58224985867722, 112.98894417423645
-46.58224985867722, 111.0455367187368
-46.4920042710885, 114.50011100601296
-46.44688147729414, 116.87520063481753
-46.41303938194837, 122.54333276742022
-46.379197286602604, 119.14223010769132
-46.31151309591106, 124.86420616812006
-46.176144714527986, 121.08479988756358
-46.040776333144905, 123.027648892645
-46.01370265686829, 126.5904508709774
-45.77003957037875, 125.6177419324747
-45.63467118899567, 129.0181465291808
-45.63467118899567, 127.02075553325056
-45.3368607499529, 131.12227601505197
-45.20149236856982, 127.75314464176762
-44.991671377426044, 122.37551841673701
-44.957829282080276, 132.41631732421394
-44.957829282080276, 130.47290986871428
-44.957829282080276, 124.64268750221538
-44.85630299604296, 118.48814505531948
-44.822460900697195, 128.5289439627964
-44.822460900697195, 126.58553650729681
-44.822460900697195, 120.75531414079785
-44.75477671000566, 113.14335571488175
-44.68709251931411, 114.49266500043632
-44.653250423968345, 116.70585054548411
-44.619408328622576, 122.05008143550361
-44.596846931725395, 124.42526413937787
-44.55172413793104, 110.87520934117146
-44.55172413793104, 109.2557031282551
-44.461478550342314, 119.67415413107165
-44.41635575654796, 105.42231330726815
-44.41635575654796, 103.4789058517685
-44.41635575654796, 116.86682387854381
-44.38251366120219, 107.79744947360751
-44.34867156585642, 114.92313719783505
-44.34867156585642, 112.9797297423354
-44.314829470510645, 99.05183669864999
-44.28098737516488, 101.31900578412842
-44.28098737516488, 111.03604306162663
-44.1456189937818, 97.43163242271083
-44.1456189937818, 95.48822496721118
-44.1456189937818, 93.54481751171153
-44.1456189937818, 91.60141005621188
-44.1456189937818, 109.0920771557087
-44.1456189937818, 107.14866970020904
-44.1456189937818, 105.20526224470939
-44.07793480309026, 103.26157556400068
-44.04409270774449, 83.3415095325247
-44.01025061239872, 87.49810253307214
-44.01025061239872, 85.55469507757249
-44.01025061239872, 101.31788888329191
-43.97640851705295, 89.81925515898104
-43.942566421707184, 99.05030095999984
-43.87488223101564, 79.50798009893316
-43.87488223101564, 77.56457264343351
-43.87488223101564, 75.7291322687949
-43.87488223101564, 96.78271303670778
-43.84104013566987, 81.88311626527258
-43.8071980403241, 94.83902635599901
-43.8071980403241, 92.89561890049936
-43.739513849632566, 71.08598934134977
-43.739513849632566, 69.14258188585012
-43.739513849632566, 90.95193221979059
-43.70567175428679, 73.29917488639757
-43.67182965894102, 88.36044305391528
-43.67182965894102, 86.41703559841562
-43.67182965894102, 84.47362814291597
-43.63798756359525, 65.03941397531491
-43.604145468249484, 67.19861597993224
-43.604145468249484, 81.88213897704065
-43.53646127755795, 79.61455105374858
-43.53646127755795, 77.67114359824893
-43.53646127755795, 75.72773614274928
-43.4687770868664, 59.8562960309597
-43.4687770868664, 73.46014821945727
-43.44170341058979, 62.447394281542245
-43.401092896174866, 71.1925602961652
-43.401092896174866, 69.24915284066554
-43.33340870548333, 55.32112018437567
-43.33340870548333, 66.98156491737353
-43.29956661013755, 57.58828926985399
-43.265724514791785, 64.71397699408152
-43.19804032410025, 53.16122011673559
-43.19804032410025, 51.32577974209704
-43.13035613340871, 61.79830736041373
-43.13035613340871, 59.85489990491408
-43.03559826644055, 48.84186674179
-42.99498775202563, 54.6719215731635
-42.97242635512845, 57.04710427703776
-42.92730356133409, 45.44045693433105
-42.92730356133409, 43.82095072141465
-42.83705797374537, 52.29599426873153
-42.82577727529678, 39.933716972601644
-42.79193517995101, 42.14690251764944
-42.724250989259474, 48.840582305828036
-42.724250989259474, 46.89717485032838
-42.6904088939137, 35.23659050472594
-42.65656679856793, 37.665710211495934
-42.58888260787639, 43.98150521666071
-42.58888260787639, 30.53960364945476
-42.521198417184856, 41.71391729336864
-42.49412474090824, 32.644570810953326
-42.45351422649331, 39.44632937007657
-42.385830035801774, 28.352432586390307
-42.31814584511024, 36.530659736408836
-42.31814584511024, 34.58725228090918
-42.223387978142085, 25.51762657328476
-42.160216066829975, 31.77945665303281
-42.11509327303561, 29.188060562227236
-42.11509327303561, 22.818002791422884
-42.01356698699831, 20.65824233638739
-41.97972489165254, 26.81222633286501
-41.912040700961, 24.868539652156244
-41.912040700961, 17.256860451449256
-41.81051441492369, 18.875947826551965
-41.77667231957791, 22.276771261071758
-41.708988128886375, 15.312615320322266
-41.5736197475033, 19.684723644778217
-41.505935556811764, 17.74103696406945
-41.43825136612023, 13.853942827861033
-41.43825136612023, 12.018502453222482
-41.370567175428675, 15.797071058151516
-41.26904088939138, 10.209355785776381
-41.167514603354064, 7.914636479664523
-41.09983041266253, 12.556941731482311
-41.03214622197099, 5.592785790732762
-40.8967778405879, 9.533025791744421
-40.8967778405879, 2.5151655357734057
-40.76140945920483, 7.157191562382138
-40.73433578292821, 3.8748806141213095
-40.59896740154514, 0.7648702349035261
-40.490672696438665, 4.132996397435079
-40.35530431505559, -0.888031313023987
-40.287620124364054, 1.5409487811414806
-40.08456755228943, -2.9135309800058735
-39.949199170906354, -1.051657285570343
-39.786757113246665, -4.68002134300491
-39.54309402675712, -2.9967400923247283
-39.40772564537404, -5.45894798637579
-39.227234470196606, -7.31672637774426
-39.00162050122481, -5.59018383466389
-38.83241002449596, -7.534289353186352
-38.568441680798955, -9.4140055384849
-38.46014697569248, -7.535825091836557
-38.32477859430941, -11.180272521316624
-38.054041831543245, -9.91277622203529
-37.884831354814395, -11.910865280988276
-37.512568306010934, -11.858417479207901
-37.512568306010934, -13.477923692124307
-37.24183154324477, -14.34277723984951
-37.07938948558507, -12.983062161501664
-36.73420011305822, -12.968291147938999
-36.70035801771246, -10.782097373106524
-36.53114754098361, -8.677437359338
-36.395779159600536, -6.73458835425663
-36.36193706425476, -10.783493499152144
-36.158884492180135, -9.164824961863076
-36.13181081590352, -4.565539007264249
-36.0912003014886, -7.383647352864273
-35.9896740154513, -1.877745066762202
-35.88814772941399, -4.95522570911703
-35.85430563406821, 0.22705455961079224
-35.7527793480309, 2.8178456624632986
-35.7527793480309, -3.0123767040356597
-35.617410966647824, -1.0695276989542322
-35.58356887130206, 4.922505676231765
-35.52716537905911, 1.197408698849813
-35.48204258526475, 7.135411996070502
-35.34667420388166, 2.816170311208566
-35.31960052760505, 9.68276496389035
-35.278990013190125, 4.759298541499106
-35.177463727152826, 12.694460146975644
-35.14362163180705, 7.349950031747085
-35.075937441115514, 14.151596900786672
-35.048863764838885, 16.677914902852592
-35.00825325042398, 10.10255214328663
-34.906726964386664, 19.81917058297114
-34.87288486904089, 12.531253012242928
-34.77135858300359, 22.08592083063587
-34.737516487657814, 17.06531195799056
-34.737516487657814, 15.283855123782587
-34.66983229696628, 24.83866255478
-34.60214810627474, 19.00816096307193
-34.53446391558319, 26.565577398139226
-34.53446391558319, 20.95128919336247
-34.50062182023743, 28.88673002404812
-34.44421832799448, 23.11025851030547
-34.399095534200114, 32.773126097233785
-34.399095534200114, 30.66776802044251
-34.26372715281704, 26.78039465902492
-34.26372715281704, 25.160888446108515
-34.23665347654041, 35.59039676720636
-34.1960429621255, 28.885473510607085
-34.12835877143395, 30.666651119606
-34.09451667608819, 38.27819070770835
-34.03811318384524, 32.5017191939657
-33.959148294705116, 40.7068915766647
-33.902744802462166, 35.20033776507472
-33.8576220086678, 43.18971559865611
-33.76737642107909, 38.22285757876699
-33.6951799510081, 45.56432123709823
-33.632008039696004, 41.353344473320476
-33.45151686451857, 43.61990857084572
-33.42444318824194, 48.15441427692792
-33.38383267382703, 45.56303680113626
-33.15370642547579, 50.74450731675762
-33.11309591106087, 47.991179219674336
-32.91004333898624, 49.771798378254914
-32.77467495760317, 53.17220297496107
-32.77467495760317, 51.28277905989199
-32.47686451856039, 55.276332460832236
-32.43625400414547, 52.68495498504058
-32.23320143207086, 57.86653719074553
-32.23320143207086, 54.30362352232953
-32.09783305068777, 56.354439608272
-32.06399095534201, 59.971197204514056
-31.92862257395892, 62.23794745217873
-31.781973494127257, 58.83637941710123
-31.69172790653853, 61.10331581490533
-31.65788581119277, 64.82804049200843
-31.556359525155457, 67.14891389270821
-31.556359525155457, 62.61429649654235
-31.420991143772383, 69.68558184252561
-31.330745556183672, 64.98864152478933
-31.25854908611268, 72.50285251249824
-31.217938571697758, 67.579386090107
-31.116412285660445, 75.19064645300023
-31.082570190314684, 69.84613633777161
-30.98104390427737, 77.61934732195652
-30.924640412034435, 72.1127935103666
-30.879517618240058, 80.10217134394804
-30.789272030651347, 75.02734624319783
-30.744149236856984, 82.63883929376539
-30.653903649268273, 77.94189897602911
-30.5185352678852, 80.53255046627703
-30.446338797814207, 84.41906753705325
-30.202675711324673, 82.69058903252301
-30.067307329941585, 86.36091133138177
-30.067307329941585, 84.41750387588212
-29.796570567175436, 80.20567082146306
-29.796570567175436, 85.71199194537871
-29.769496890898807, 82.73198882352898
-29.661202185792348, 78.26170491554518
-29.49876012813266, 75.9937260769604
-29.458149613717737, 81.82378090833384
-29.3904654230262, 79.66416006590282
-29.3904654230262, 73.29410229509847
-29.25509704164311, 71.06942197894176
-29.187412850951574, 76.64024412616499
-29.187412850951574, 74.69683667066533
-29.119728660260037, 69.12545607302388
-28.984360278876963, 72.75259153953829
-28.950518183531187, 66.67930362849734
-28.815149802148113, 64.89728834387108
-28.781307706802338, 68.86493895291164
-28.578255134727726, 62.70997766820204
-28.510570944036175, 65.62480962624238
-28.442886753344638, 63.681122945533616
-28.442886753344638, 60.60406114099254
-28.14507631430186, 59.21005720696428
-28.0367816091954, 61.08823765361262
-27.766044846429253, 58.92777913555432
-27.630676465046164, 61.08656230235789
-27.461465988317315, 63.19122231612636
-27.40506249607438, 59.682059500466664
-27.32609760693424, 65.13407132120778
-27.15688713020539, 62.38021269622715
-27.062129263237225, 67.56224166226679
-26.95383455813078, 65.29448620384926
-26.81846617674769, 70.31439701347176
-26.683097795364617, 68.20848048626226
-26.547729413981543, 74.03814440234294
-26.547729413981543, 72.09473694684328
-26.412361032598454, 70.58263936436975
-26.378518937252693, 75.8189031735281
-26.243150555869605, 78.24760404248445
-26.209308460523843, 73.22699516983914
-26.141624269832306, 80.73042806447592
-26.05137868224358, 75.76357004458686
-26.006255888449218, 83.26709601429332
-25.916010300860506, 78.57015569655698
-25.843813830789514, 86.34348767833245
-25.780641919477432, 81.1608071868049
-25.701677030337294, 88.9341112460595
-25.667834934991518, 83.75155175212257
-25.56630864895422, 91.6867133575991
-25.50990515671127, 86.01820892471756
-25.464782362916907, 93.89961967743778
-25.374536775328195, 88.93276165754878
-25.302340305257204, 96.70609363932431
-25.239168393945107, 91.5234131477967
-25.160203504804983, 99.29671720705136
-25.126361409459207, 94.27610833440599
-25.05867721876767, 101.88750830990386
-24.990993028076133, 96.38090796077904
-24.923308837384596, 103.83035731498529
-24.923308837384596, 98.00013494848633
-24.787940456001508, 99.9429839535677
-24.754098360655746, 105.93501732875376
-24.72025626530997, 102.5339146690248
-24.618729979272658, 108.20176757641838
-24.51720369323536, 103.50478072114726
-24.426958105646634, 105.5557829572291
-24.354761635575656, 111.21296015412725
-24.246466930469197, 108.20023183776823
-24.111098549086122, 114.19184637514053
-24.04341435839457, 110.46670286022373
-23.975730167703034, 116.13469538022196
-23.975730167703034, 112.35584755008375
-23.84036178631996, 118.07754438530338
-23.772677595628423, 114.35240087038653
-23.67115130959111, 120.18220439907185
-23.61474781734816, 116.565074502551
-23.535782928208036, 122.12505340415322
-23.434256642170723, 118.72367151921515
-23.29888826078765, 120.34261928171327
-23.27181458451102, 124.55322374521222
-23.16351987940456, 122.2854682867947
-23.001077821744857, 127.14331678504192
-22.892783116638412, 124.9835284074855
-22.73034105897871, 129.73340982487161
-22.62204635387225, 127.35768728559304
-22.459604296212547, 132.58262385876793
-22.351309591106087, 130.05574740628379
-22.188867533446384, 135.56139838969756
-22.08057282833994, 132.96974168869679
-22.046730732994163, 138.1520219574246
-21.91136235161109, 140.58072282638096
-21.877520256265313, 135.23621271115235
-21.809836065573776, 142.9015962270807
-21.719590477985065, 137.82677112633058
-21.647394007914073, 145.53532285958948
-21.60678349349915, 140.7414169342315
-21.505257207461852, 148.67657853970803
-21.448853715218902, 143.11604118768753
-21.40373092142454, 150.13371529351912
-21.37665724514791, 152.66003329558498
-21.31348533383583, 145.4907585162133
-21.268362540041466, 155.6394779670165
-21.200678349349914, 147.86556891980882
-21.132994158658377, 149.80869715009936
-21.099152063312616, 157.4202367382017
-21.06530996796684, 151.26597351651498
-20.970552100998674, 153.82440241763004
-20.963783681929527, 159.84893760715806
-20.828415300546453, 162.43958909740604
-20.772011808303503, 156.93303528581606
-20.72688901450914, 164.9224131193974
-20.63664342692043, 159.8475880186473
-20.564446956849437, 167.5561397519062
-20.456152251742992, 162.68097929069324
-20.320783870359904, 170.3730753516278
-20.320783870359904, 165.13667192986486
-20.18541548897683, 173.28762808445902
-20.18541548897683, 167.61935633925168
-20.050047107593755, 176.20218081729024
-20.050047107593755, 169.23830410174986
-19.914678726210667, 179.11673355012147
-19.914678726210667, 171.50505434941448
-19.779310344827593, 174.58155770353738
-19.752236668550964, 182.19312521416066
-19.643941963444504, 184.9998225562145
-19.643941963444504, 177.4421268959381
-19.50857358206143, 180.08676192661653
-19.481499905784815, 187.63354918872318
-19.373205200678356, 183.27123236160054
-19.33936310533258, 190.77480486884178
-19.30552100998682, 185.43029475361323
-19.237836819295268, 192.23194162265287
-19.210763143018653, 194.75825962471873
-19.147591231706556, 187.58898484534706
-19.102468437912194, 197.7377042961503
-19.034784247220657, 190.1257458702342
-18.96710005652912, 199.46461913950952
-18.96710005652912, 191.90692347923311
-18.933257961183344, 201.78577176541842
-18.899415865837582, 193.68810108823197
-18.83173167514603, 203.9986780852571
-18.83173167514603, 196.0361058717516
-18.696363293762957, 197.73602894489557
-18.669289617486342, 206.54603105307697
-18.62867910307142, 199.67915717518605
-18.560994912379883, 209.39591522747517
-18.560994912379883, 201.8382195671988
-18.493310721688346, 203.56541363576707
-18.425626530996794, 205.5085418660576
-18.391784435651033, 211.17667399866036
-18.335380943408083, 207.34360994041734
-18.29025814961372, 213.49754739936017
-18.154889768230646, 209.39423987622044
-18.127816091954017, 216.13127403186888
-18.019521386847558, 211.6609901238851
-17.985679291501796, 218.94862846940424
-17.884153005464483, 213.8197732906887
-17.850310910118722, 221.05342809577726
-17.816468814772946, 215.87086860184033
-17.74878462408141, 223.6442191986298
-17.681100433389872, 217.8137176069217
-17.61341624269832, 225.5870682037112
-17.61341624269832, 219.75684583721224
-17.52317065510961, 221.2680126689887
-17.478047861315247, 227.5299172087926
-17.41036367062371, 223.64282307258418
-17.308837384586397, 229.63457722256106
-17.25243389234346, 225.90948024517914
-17.173469003203323, 231.90132747022574
-17.07194271716601, 227.2043406149546
-17.004258526474473, 229.14746884524507
-16.936574335782936, 234.49156012266002
-16.801205954399848, 231.98076704222137
-16.774132278123233, 237.24405054411596
-16.598153382325236, 234.65211461790602
-16.50339551535707, 240.09326457801225
-16.39510081025061, 237.45842104466703
-16.259732428867537, 239.18533588802626
-16.225890333521775, 242.91006056512936
-16.124364047484463, 241.02021781224653
-16.090521952138687, 245.01486019150238
-15.955153570755613, 247.44356106045868
-15.8536272847183, 242.74657420518753
-15.819785189372539, 249.54836068683176
-15.785943094026763, 244.52775181418644
-15.68441680798945, 251.97706155578805
-15.650574712643689, 246.63255144055947
-15.549048426606376, 254.40576242474435
-15.492644934363426, 248.89920861315443
-15.413680045223288, 256.99641391499233
-15.357276552980352, 251.48986010340238
-15.278311663840213, 259.5870654052403
-15.221908171597278, 254.08051159365033
-15.14294328245714, 261.8538156529049
-15.109101187111364, 256.671256158968
-15.041416996419827, 264.44460675575743
-14.97373280572829, 258.6141051640494
-14.872206519690977, 266.54926676952596
-14.838364424345215, 260.5569541691308
-14.770680233653664, 262.98593426329626
-14.736838138307903, 268.81601701719063
-14.63531185227059, 273.5121661968344
-14.63531185227059, 271.56875874133476
-14.567627661579053, 265.9002077709183
-14.499943470887516, 279.3418301129151
-14.499943470887516, 277.39842265741544
-14.499943470887516, 275.4550152019158
-14.499943470887516, 267.6813853799172
-14.409697883298804, 269.1925522116936
-14.364575089504427, 281.0687449562743
-14.330732994158666, 283.3898975821832
-14.29689089881289, 271.56736261528914
-14.274329501915716, 273.72661115744125
-14.229206708121353, 284.8470343359943
-14.202133031844738, 287.37335233806016
-14.161522517429816, 278.6926315017029
-14.161522517429816, 276.74922404620327
-14.093838326738279, 290.3527970094917
-14.093838326738279, 275.1294386080778
-14.026154136046742, 282.578887962284
-14.026154136046742, 280.63548050678435
-13.95846994535519, 294.23905347007275
-13.95846994535519, 292.2956460145731
-13.95846994535519, 284.5220161925745
-13.86822435776648, 286.03318302435093
-13.823101563972116, 298.12530993065377
-13.823101563972116, 296.1819024751542
-13.823101563972116, 288.6242068148777
-13.75541737328058, 290.3514008834461
-13.687733182589042, 302.01156639123485
-13.687733182589042, 300.0681589357352
-13.620048991897505, 294.2376573440271
-13.620048991897505, 292.45620050981915
-13.552364801205954, 303.9544153963162
-13.484680610514417, 296.18050634910855
-13.41699641982288, 305.68133023967545
-13.41699641982288, 298.5555029028434
-13.41699641982288, 300.0670420348987
-13.383154324477104, 308.0024828655844
-13.281628038439806, 309.4596196193954
-13.281628038439806, 302.495742903855
-13.254554362163177, 311.98593762146135
-13.146259657056717, 305.24834501539465
-13.112417561710956, 315.12719330157995
-13.056014069468006, 307.5152814131987
-13.010891275673643, 319.0135893747655
-13.010891275673643, 316.9082312979742
-12.943207084982106, 310.10602597851636
-12.875522894290569, 312.53500607268177
-12.84844921801394, 322.08998103880475
-12.807838703599032, 315.2878874094305
-12.706312417561719, 325.00450584911505
-12.672470322215943, 317.0687857932203
-12.604786131524406, 327.48732987110645
-12.604786131524406, 319.4977658873857
-12.514540543935695, 322.30453768949525
-12.469417750141332, 330.0239978209239
-12.334049368758244, 325.48882197433977
-12.306975692481629, 332.8412684908965
-12.266365178066707, 327.91780206850524
-12.19868098737517, 335.6911526652947
-12.130996796683633, 329.8606510735866
-12.063312605992095, 331.80377930387715
-12.02947051064632, 337.4719114364799
-11.927944224609007, 333.82760361960436
-11.894102129263246, 339.57671106285295
-11.792575843225933, 342.16750216570546
-11.724891652534396, 336.6609018165807
-11.657207461842859, 344.1103511707869
-11.657207461842859, 338.2801288042879
-11.566961874254133, 339.7912956360644
-11.52183908045977, 346.05320017586826
-11.454154889768233, 342.16610603965984
-11.386470699076696, 347.9960491809496
-11.318786508385159, 344.10895504474126
-11.217260222347846, 350.10070919471815
-11.160856730104896, 346.3756122173362
-11.081891840964772, 352.3674594423828
-10.98036555492746, 347.67047258711165
-10.912681364235922, 349.45165019611056
-10.844997173544385, 355.11964271610873
-10.777312982852834, 351.39449920119193
-10.709628792161297, 353.391610971913
-10.675786696815535, 356.9004014872939
-10.540418315432447, 359.00520111366694
-10.393769235600786, 355.7655836998811
-10.30352364801206, 361.75738438739285
-10.168155266628986, 359.1656159963084
-9.998944789900136, 363.37563408686816
-9.863576408517062, 361.75556942353353
-9.599608064820046, 364.8315422497591
-9.491313359713587, 362.88768803392486
-9.288260787638976, 364.5063565712138
-9.19350292067081, 366.5141533599374
-8.949839834181276, 366.1244666580846
-8.787397776521573, 367.8728632275324
-8.408366308648965, 368.9293769588
-8.408366308648965, 367.4178378267447
-8.03610325984549, 368.38800581584434
-7.86689278311664, 367.0917027824884
-7.596156020350492, 368.7100920945683
-7.426945543621642, 366.9279371973375
-7.2915771622385535, 364.822020670128
-7.122366685509704, 366.7647300626048
-6.892240437158463, 364.6260324958442
-6.513208969285856, 365.03474374194525
-6.513208969285856, 363.0913362864456
-6.3778405879027815, 361.47127162311097
-6.174788015828156, 363.1979072412611
-6.107103825136619, 359.87764027957337
-5.9040512530619935, 361.2533828849249
-5.836367062370456, 357.85214061259137
-5.673925004710753, 355.3574309041983
-5.633314490295845, 358.9849572860055
-5.362577727529683, 356.3926304445028
-5.294893536838146, 354.44894376379403
-5.294893536838146, 352.5055363082944
-5.024156774071983, 350.7229625732499
-4.956472583380446, 353.1519426674153
-4.753420011305835, 348.6974629062679
-4.618051629922746, 350.5593366007035
-4.482683248539672, 347.5356998861747
-4.21194648577351, 348.6142537939491
-4.04273600904466, 346.67014827542664
-3.778767665347658, 344.6608715930948
-3.636630864895423, 347.4782260306301
-3.4268098737516652, 344.529859124974
-3.399736197475036, 350.3923599256476
-3.264367816091962, 347.8005915345632
-3.237294139815333, 353.4039713411702
-3.0613152440173366, 350.7148650421853
-2.8582626719427253, 354.2229574945434
-2.8582626719427253, 352.3875171199048
-2.4521575277934886, 353.35754549639995
-2.4521575277934886, 351.95397344520575
-2.046052383644252, 353.3558701451452
-2.046052383644252, 351.4124626896455
-1.9106840022611635, 349.36052970286653
-1.741473525532328, 348.1182102099412
-1.6399472394950152, 350.9789190149464
-1.6061051441492395, 353.3000716408553
-1.5045788581119268, 354.4333071520831
-1.477505181835312, 357.02440540266565
-1.3962841530054817, 348.79697877079957
-1.3421368004522378, 360.5219803721468
-1.3015262860373156, 351.84125953578956
-1.2338420953457785, 363.5014250435783
-1.1661579046542414, 355.7275159963706
-1.1661579046542414, 353.78410854087093
-1.0984737139626901, 357.9945454692444
-1.0984737139626901, 359.6140516821608
-1.0646316186169287, 365.2821838147635
-0.963105332579616, 361.71885130853383
-0.9292632372338545, 367.7108846837198
-0.7938948558507661, 369.9776349313845
-0.7600527605050047, 365.1189766800308
-0.658526474467692, 372.4063358003408
-0.6246843791219163, 367.06182568511224
-0.5570001884303792, 376.2927318735264
-0.5570001884303792, 374.51127503931843
-0.4216318070473051, 378.39753149989946
-0.4216318070473051, 369.8141485714427
-0.39455813077067603, 380.988629750482
-0.3313862194585937, 372.78287099484385
-0.2862634256642167, 386.33255349277147
-0.2862634256642167, 384.011261254258
-0.19601783807550532, 375.6974237276751
-0.15089504428114253, 378.39641459906295
-0.08321085358960545, 380.3395428293535
-0.015526662898068366, 387.8969592644208
0.01831543244770728, 382.4444820683311
0.11984171848502001, 383.5777175795589
0.15368381383078145, 385.8448866650372
0.4176521575277974, 380.98527904797254
0.4582626719427054, 384.8719264238464
0.5259468626342567, 383.25214098572087
0.5597889579800182, 378.1505568024297
0.6274731486715552, 375.80199356849187
0.728999434708868, 380.6600933694273
0.728999434708868, 369.16159925772104
0.796683625400405, 370.61887562413665
0.8237573016770341, 373.2099738747192
0.8643678160919421, 378.06832497834284
0.9320520067834934, 366.89345288401074
0.9320520067834934, 364.57216064549726
1.0222975943722048, 375.5844305930498
1.0674203881665676, 362.03437579484336
1.0674203881665676, 360.414869581927
1.1351045788581047, 370.2935782555078
1.157665975755279, 372.77672804024314
1.2027887695496418, 368.2419244939379
1.2027887695496418, 356.58147976094
1.2027887695496418, 354.63807230544035
1.2366308648954174, 358.9566159272795
1.2704729602411788, 366.08230365150695
1.2704729602411788, 364.1388961960073
1.3381571509327301, 352.80207348038357
1.4058413416242672, 361.54712780492287
1.4735255323158043, 358.9556386390475
1.5073676276615657, 350.8579679618611
1.5412097230073414, 357.0119519583387
1.6088939136988785, 354.6363969541856
1.7442622950819668, 352.26056272482333
1.9067043527416558, 349.75505630834414
2.2857358206142777, 350.5308556293729
2.2857358206142777, 348.69541525473437
2.6918409647635144, 347.5061020140076
2.72568306010929, 349.88123818034705
2.962577727529677, 346.5332813854213
3.097946108912751, 351.17530741202995
3.097946108912751, 349.23189995653036
3.097946108912751, 347.61239374361395
3.125019785189366, 353.7664056626125
3.3686828716789137, 356.35661039252585
3.3686828716789137, 350.5263880260269
3.4363670623704508, 352.6314668776091
3.5378933484077635, 354.65543080594085
3.876314301865449, 353.7633062627913
3.9372300734878394, 356.61338589483586
4.180893159977387, 355.70545720484984
4.180893159977387, 354.0859509919335
4.2147352553231485, 359.43018188195293
4.350103636706237, 361.8588827509093
4.350103636706237, 357.6481665973267
4.688524590163922, 361.1287088290513
4.722366685509698, 363.3149026038838
5.020177124552475, 365.419032089755
5.060787638967398, 362.9896052352549
5.263840211042009, 364.4463231512523
5.399208592425097, 367.8467277479584
5.399208592425097, 365.74136967116715
5.697019031467875, 369.6917362397629
5.737629545882783, 367.03557851545463
5.967755794234023, 372.5409502736593
6.042208403994721, 369.78748256397137
6.2384925570001855, 375.13104331348893
6.346787262106645, 372.86328785507146
6.509229319766348, 377.7211363533187
6.617524024872807, 375.56134797576226
6.7528924062558815, 380.47329170452366
6.820576596947419, 378.04375315993997
7.050702845298659, 382.2535199478115
7.091313359713581, 379.66214247201987
7.294365931788192, 381.6047122518921
7.321439608064821, 384.5844919935746
7.565102694554355, 383.8709040491386
7.727544752214058, 384.9714981334198
8.072734124740904, 385.16441483040325
8.275786696815516, 383.78699687379697
8.539755040512532, 381.59957450804427
8.64804974561899, 384.19033768837585
8.91878650838514, 381.2741096042899
8.91878650838514, 379.11476798706803
9.189523271151302, 377.7100790350374
9.324891652534376, 379.4369938783966
9.324891652534376, 375.6365526320862
9.460260033917464, 371.23093728253536
9.494102129263226, 373.49810636801374
9.561786319954763, 368.80125912534714
9.663312605992076, 377.7081244585735
9.663312605992076, 375.7647170030739
9.663312605992076, 364.4281735126592
9.758070472960242, 366.4359703013828
9.798680987375164, 373.17294861198945
9.798680987375164, 371.22954115648974
9.934049368758238, 369.28557525057187
10.001733559449775, 363.06639216776387
10.001733559449775, 365.39848111436345
10.069417750141312, 366.69380685948744
10.13710194083285, 361.07923942950157
10.340154512907475, 363.12977629023493
10.407838703599012, 359.72853401790144
10.407838703599012, 357.40724177938796
10.543207084982086, 361.5094324016912
10.570280761258715, 354.7721748658754
10.678575466365174, 351.89980375463574
10.678575466365174, 359.5654664957733
10.746259657056711, 357.6217798150645
10.813943847748249, 349.95583784871786
10.881628038439786, 355.6778139091466
10.949312229131323, 353.73412722843784
10.949312229131323, 348.0118719428
11.084680610514411, 351.57422716079776
11.118522705860173, 346.2027252753539
11.220048991897485, 349.1983929314355
11.220048991897485, 344.1239401309642
11.382491049557188, 341.68321396300166
11.42310156397211, 346.60634531514194
11.456943659317872, 338.5086746379555
11.558469945355185, 344.66237940922406
11.626154136046722, 336.88847036201634
11.626154136046722, 334.9450629065167
11.693838326738259, 342.7184135033061
11.761522517429796, 340.342858499153
11.761522517429796, 332.6124155094989
11.829206708121347, 338.18323765672204
11.896890898812885, 328.46592115401467
11.930732994158646, 330.89504086078466
11.987136486401596, 335.3754420288457
12.032259280195959, 325.4422844394859
12.167627661579033, 322.2459003955793
12.167627661579033, 332.35161916417746
12.235311852270584, 329.7601299983022
12.235311852270584, 327.8167225428025
12.269153947616346, 320.04295310819936
12.438364424345195, 325.06272430521733
12.438364424345195, 317.85592165773943
12.506048615036732, 322.3092845180504
12.600806482004899, 315.1830662659255
12.64141699641982, 320.0414173695492
12.74294328245712, 312.51029464167436
12.776785377802895, 317.773550221048
12.878311663840208, 310.40437811446486
12.91215375918597, 315.50568307254684
13.047522140569058, 313.5617171666289
13.14228000753721, 308.6380273640704
13.182890521952132, 311.61775126071103
13.284416807989444, 306.51588785221077
13.453627284718294, 309.0254244192084
13.548385151686446, 304.10173461664976
13.656679856792906, 306.4333768029148
13.819121914452609, 301.2502867810805
13.927416619559068, 304.05698412313427
13.96125871490483, 298.82044108876676
14.062785000942142, 296.49873001243964
14.153030588530854, 301.6807775934932
14.225227058601845, 294.1227840929937
14.288398969913942, 298.44120671724215
14.333521763708305, 290.72137428553475
14.333521763708305, 288.5080491278824
14.468890145091379, 283.10913663440954
14.468890145091379, 296.71298882290705
14.495963821368008, 285.7002348849921
14.536574335782916, 294.44540089961504
14.536574335782916, 279.0600918769095
14.604258526474453, 292.17781297632297
14.638100621820229, 280.84112987330377
14.671942717166004, 289.9102250530309
14.671942717166004, 274.52491603032536
14.739626907857541, 287.6426371297389
14.766700584134156, 276.62988319182386
14.807311098549079, 285.3750492064469
14.807311098549079, 283.43164175094716
14.841153193894854, 269.6656993285535
14.874995289240616, 272.2567696566151
14.942679479932153, 278.5725646617798
14.965240876829327, 280.9477473656541
15.010363670623704, 264.96843324807315
15.010363670623704, 263.51087765644843
15.037437346900319, 267.5595314986557
15.078047861315241, 273.38958633002915
15.100609258212415, 275.7647690339035
15.145732052006778, 259.7854549163225
15.145732052006778, 257.84204746082287
15.17957414735254, 262.2145746230925
15.23597763959549, 270.58179070215283
15.281100433389852, 255.0883284484468
15.34878462408139, 267.23434582011043
15.34878462408139, 265.29093836461084
15.41646881477294, 252.41558474671652
15.484153005464478, 262.6991699735264
15.484153005464478, 260.7557625180267
15.484153005464478, 258.8123550625271
15.551837196156015, 256.9766354626794
15.551837196156015, 249.58089042369463
15.551837196156015, 245.20822364882042
15.687205577539089, 254.11494936944223
15.714279253815718, 246.5679387271683
15.754889768230626, 241.80642292606868
15.822573958922177, 250.92936203362177
15.856416054267939, 243.42551030117136
15.890258149613715, 248.76974119119083
15.985016016581866, 239.70011548356638
16.048187927893963, 245.9619455633145
16.1271528170341, 236.86539323802353
16.183556309277037, 242.72237468706348
16.19483700772564, 234.51683000408568
16.36404748445449, 239.53660120110362
16.391121160731103, 231.924810310313
16.431731675146025, 236.78316141393668
16.499415865837562, 229.11721944759006
16.589661453426274, 234.2992670286436
16.63478424722065, 226.52545105650563
16.725029834809362, 231.0596961523926
16.770152628603725, 223.33986372068514
16.9055210099868, 229.33147825805747
16.93259468626343, 220.5860330182254
16.973205200678336, 227.38779157734874
17.040889391369888, 225.22817073491777
17.07473148671565, 217.99423670462005
17.108573582061425, 223.1765169733479
17.210099868098723, 216.2122214199938
17.266503360341673, 220.69262258805483
17.34546824948181, 213.94435427149264
17.446994535519124, 218.9644046937197
17.480836630864886, 211.91941305492892
17.51467872621066, 217.02071801301094
17.61620501224796, 209.8944718383652
17.650047107593736, 215.07675210709306
17.75157339363105, 207.9505059324473
17.78541548897681, 213.13278620117515
17.886941775014122, 206.0065400265294
17.920783870359898, 211.18882029525724
18.022310156397197, 203.73867287802824
18.056152251742972, 208.9209531467561
18.157678537780285, 201.5517810401729
18.191520633126046, 206.6530859982549
18.29304691916336, 199.20293858102593
18.326889014509135, 204.38521884975376
18.428415300546433, 197.50189860704546
18.529941586583746, 201.63122061216853
18.665309967966834, 194.99068668879318
18.73299415865837, 198.87722237458337
18.80067834934991, 196.9335356938746
18.80067834934991, 193.0467207828753
18.936046730732983, 191.10275487695736
19.00373092142452, 194.98929056274756
19.07141511211607, 189.15878897103948
19.206783493499145, 192.6131771081761
19.24062558884492, 187.0527328312254
19.34215187488222, 190.23734287881388
19.34215187488222, 185.27085715920367
19.545204446956845, 187.53732818165923
19.612888637648382, 181.70682658995116
19.639962313924997, 184.23314459201703
19.748257019031456, 179.8708277648944
19.91069907669116, 177.75400283951507
19.95130959110608, 183.3249366768219
20.01899378179762, 181.38124999611313
20.154362163180693, 175.06461731532107
20.22204635387223, 179.43700486498614
20.28973054456378, 177.4933181842773
20.425098925946855, 173.60594482285984
20.425098925946855, 171.6625373673602
20.492783116638392, 175.54907305315032
20.56046730732993, 169.7185714614423
20.56046730732993, 167.88313108680376
20.695835688713018, 165.50729685744142
20.695835688713018, 173.60482792202333
20.763519879404555, 171.66114124131457
20.89888826078763, 169.39327409281339
20.966572451479166, 167.12568616952137
20.966572451479166, 163.67073958196647
21.101940832862255, 160.7766633644709
21.23730921424533, 163.8855568428521
21.271151309591104, 158.70299734891512
21.372677595628403, 156.43526981301852
21.44036178631994, 161.2935092265585
21.50804597701149, 154.8152051496839
21.57573016770303, 158.70174083547408
21.64341435839455, 152.9792063246271
21.711098549086103, 156.75777492955615
21.812624835123415, 151.08908434653523
21.846466930469177, 154.48990778105502
21.914151121160728, 146.7159987338473
21.94799321650649, 148.98316781932567
22.049519502543802, 144.44813158534612
22.049519502543802, 152.22176140734467
22.184887883926876, 142.37460518239493
22.184887883926876, 150.27779550142685
22.252572074618428, 148.01020757813478
22.32025626530995, 145.74261965484277
22.32025626530995, 140.04195778537712
22.455624646693025, 137.75249722070373
22.455624646693025, 135.91705684606512
22.523308837384576, 142.50276955338262
22.62483512342189, 133.8379924764663
22.65867721876765, 139.26319867713164
22.7263614094592, 131.70522379164612
22.7263614094592, 130.3556352808825
22.794045600150724, 136.3475290434639
22.895571886188037, 128.57348038365166
22.929413981533827, 133.75576065237948
23.03094026757111, 126.38658854579626
23.0647823629169, 131.4878935038783
23.166308648954214, 124.03774608664929
23.200150744299975, 129.22002635537712
23.267834934991498, 121.87798563161374
23.33551912568305, 126.62825796429269
23.4032033163746, 119.58312671289735
23.470887507066124, 124.0364895732082
23.538571697757675, 117.07233363245871
23.606255888449198, 121.44472118212377
23.701013755417364, 114.64240417258225
23.809308460523823, 118.69072294453855
23.944676841906897, 111.92062852412988
24.01236103259845, 115.61282346437014
24.01236103259845, 108.00114426366315
24.08004522329, 113.34523554107807
24.11388731863576, 109.78218226005748
24.24248728094969, 105.89483682116082
24.35078198605615, 110.75290869957536
24.41846617674767, 108.48532077628334
24.513224043715837, 103.23772973114148
24.553834558130774, 106.2174536277821
24.655360844168058, 101.03461490863612
24.75688713020537, 104.27320849665512
24.79072922555116, 99.09064900271818
24.959939702279996, 101.68116088036157
25.054697569248162, 96.23922908966978
25.16299227435462, 98.65724494062368
25.32543433201431, 93.38778125410045
25.43372903712077, 95.63304977567657
25.569097418503844, 90.98990684823139
25.704465799886947, 92.60885461072951
25.73153947616356, 88.98104900371317
26.00227623892971, 86.38872216221046
26.042886753344618, 90.01624854401769
26.11057094403617, 88.39646310589222
26.279781420765005, 84.02309826799518
26.381307706802318, 86.12803750697276
26.415149802148107, 82.24108298336893
26.652044469568494, 79.81084637576242
26.652044469568494, 84.1835131506366
26.78741285095157, 82.02361308299652
26.922781232334643, 78.35217388330125
27.058149613717717, 76.08430673480001
27.220591671377434, 74.14022913879847
27.261202185792342, 77.70297527208908
27.53193894855849, 75.11064843058637
27.56578104390428, 73.16710136248213
27.897433578292805, 72.25880967972427
28.141096664782367, 71.54522173528818
28.303538722442056, 73.22883805621939
28.592324602725967, 72.73099812336608
28.716412285660454, 74.94381136813502
29.088675334463915, 75.3201604124987
29.088675334463915, 73.48472003786009
29.359412097230063, 71.70214630281566
29.494780478613137, 73.80694592918866
29.63014885999621, 70.08152318906275
29.63014885999621, 67.86819803141043
29.833201432070837, 71.21433986247683
29.900885622762388, 65.59977243249097
29.96856981345391, 68.6225714713924
30.036254004145462, 62.900036960545435
30.171622385528536, 60.9560710546275
30.171622385528536, 66.67832634026536
30.239306576220088, 64.73463965955659
30.3408328622574, 59.79472687234795
30.442359148294685, 62.35852620498525
30.686022234784218, 59.161695400744065
31.010906350103625, 57.99431064644051
31.38993781797626, 58.89967046450255
31.38993781797626, 57.2801642515862
31.796042962125483, 58.250192628081265
31.796042962125483, 56.52271933430387
32.202148106274734, 56.95291230649343
32.202148106274734, 55.009504850993835
32.33751648765781, 53.2814731067981
32.540569059732434, 55.33200996753146
32.60825325042396, 49.501508375823335
32.63532692670057, 52.027826377889255
32.74362163180703, 47.341608308183254
32.878990013190105, 44.9009938303044
32.946674203881656, 50.471815977527626
33.01435839457321, 48.528129296818804
33.01435839457321, 40.75449947482019
33.04820048991897, 43.183619181590245
33.14972677595628, 37.94679692201356
33.217410966647805, 45.93608168052526
33.285095157339356, 34.76120958619316
33.285095157339356, 33.14170337327681
33.285095157339356, 43.344592514649946
33.35277934803091, 41.07700459135788
33.42046353872243, 29.308313552289803
33.42046353872243, 38.80941666806581
33.45430563406819, 31.683449718629277
33.48814772941398, 36.86572998735704
33.589674015451294, 27.31022449333676
33.623516110797055, 34.59786283885592
33.65735820614282, 24.718735327461445
33.69120030148858, 20.993731425149235
33.75888449218013, 31.682193205188184
33.75888449218013, 29.73878574968853
33.853642359148296, 22.353446503497082
33.894252873563204, 27.147017358604103
33.961937064254755, 16.997832532452378
33.99577915960052, 19.21101807750017
34.02962125494628, 24.555248967519617
34.09730544563783, 12.894525009312588
34.13114754098359, 15.32364471608264
34.16498963632938, 21.315678091268637
34.2326738270209, 10.140805996936535
34.300358017712455, 18.40000845760096
34.36804220840398, 7.306111673914586
34.43572639909553, 15.484338823933172
34.43572639909553, 13.540931368433519
34.50341058978705, 11.597244687724753
34.50341058978705, 4.255483189170548
34.50341058978705, -0.3871012878564102
34.638778971170154, 8.519624432765454
34.66585264744677, 0.9726137904914935
34.77414735255323, -2.0077244016092664
34.77414735255323, -3.8431647762478747
34.77414735255323, 5.765905420389345
34.84183154324475, 3.8222187396805793
34.87567363859054, -6.218859393005459
34.9095157339363, 1.878532058971814
34.977199924627854, -0.06515462173695141
35.04488411531938, -8.227745160044606
35.11256830601093, -2.656923012821437
35.11256830601093, -4.60033046832109
35.14641040135669, -10.430692447424576
35.315620878085525, -5.89677311428153
35.34269455436217, -13.022712141197246
35.38330506877708, -8.164361037573542
35.45098925946863, -15.72233592305912
35.51867345016015, -11.080030671241332
35.5863576408517, -17.8822359906992
35.654041831543225, -13.67179906232576
35.85709440361785, -16.0479125168971
35.85709440361785, -19.17895786186881
35.992462785000924, -17.883911341953933
36.026304880346714, -20.961112759099592
36.330883738458624, -19.828714923499206
36.364725833804386, -21.934212612895067
36.53393631053325, -23.1765321058204
36.83851516864519, -21.612265946775608
36.94004145468247, -22.58438851233916
37.21077821744865, -20.31819671509271
37.4815149802148, -21.129066722387392
37.50858865649141, -18.21406722922154
37.752251742980945, -19.834578652890798
37.8199359336725, -18.377302286475185
37.91469380064066, -16.27233512497662
38.18543056340681, -13.682242085146981
38.25988317316751, -16.35473448418901
38.45616732617299, -11.092149045317285
38.56446203127942, -13.359904503734754
38.726904088939136, -8.502056005487589
38.835198794045596, -10.877778544766159
38.997640851705285, -5.911962965657835
39.105935556811744, -8.395652585797563
39.24130393819482, -3.159807614452859
39.37667231957789, -5.751576005537345
39.512040700960995, -1.8113360045256854
39.53911437723761, 0.8229490784012796
39.57972489165252, -3.80900622566503
39.78277746372714, -1.3805845819178444
39.80985114000376, 3.8017236093309066
39.87302305131587, 0.4544834924419092
39.91814584511022, 6.608420951384744
40.05351422649329, 2.505113428244954
40.080587902769935, 8.983026589826807
40.14375981408202, 4.772049826049056
40.21595628415301, 12.22148056524128
40.32425098925947, 7.362515166157607
40.35132466553608, 15.459934540655809
40.39193517995099, 9.629544639031337
40.48669304691916, 18.9575095101369
40.54986495823127, 11.788234730765282
40.62882984737138, 22.098765190255506
40.66267194271717, 14.163045134360743
40.68523333961434, 16.322293676512857
40.73035613340869, 23.232000701483287
40.757429809685306, 25.82309895206589
40.820601720997416, 19.560747651927386
40.865724514791765, 28.41386213239747
40.89279819106841, 31.004960382980016
41.00109289617487, 33.595723563311594
41.00109289617487, 23.878686285813387
41.00109289617487, 22.25918007289698
41.02816657245148, 36.18682181389414
41.09133848376359, 26.253589764478534
41.13646127755794, 38.77758499422572
41.13646127755794, 29.060547716727513
41.16353495383456, 41.36868324480827
41.22670686514667, 31.21951703367057
41.29890333521763, 44.607137220222796
41.33951384963254, 34.0801793011409
41.36207524652974, 36.40137846458464
41.434271716600705, 48.104712189703946
41.47488223101564, 41.3673988088463
41.47488223101564, 39.42399135334665
41.542566421707164, 43.31052703913684
41.576408517052926, 51.24596786982255
41.63281200929589, 45.4694963560799
41.67793480309024, 52.37920338105033
41.70500847936688, 54.97030163163288
41.768180390678964, 48.81591741235542
41.81330318447334, 57.77699897368666
41.840376860749956, 60.411284056613624
41.948671565856415, 62.958860404600784
41.948671565856415, 53.673691450546926
41.948671565856415, 52.05418523763052
41.98251366120218, 65.17204594964858
42.03891715344514, 55.400792444045464
42.08403994723949, 66.95308394604297
42.111113623516104, 69.22028095404221
42.15172413793101, 57.883569928502084
42.174285534828215, 59.934851389793096
42.21940832862256, 71.48714289179048
42.21940832862256, 62.741809342042075
42.24648200489918, 73.75433989978978
42.30965391621129, 64.46891033554073
42.35477671000564, 75.69730059495487
42.35477671000564, 67.2758682877897
42.38185038628225, 78.0292778514708
42.42246090069719, 69.21899651808025
42.49014509138871, 80.44729370242464
42.49014509138871, 71.16212474837073
42.5239871867345, 82.66047924747244
42.55782928208026, 73.5911048425362
42.625513472771814, 84.11761600128347
42.625513472771814, 75.69618369411836
42.65258714904843, 86.44959325779945
42.69319766346334, 77.96321316699215
42.76088185415489, 89.08354327047545
42.76088185415489, 79.58244015469944
42.79472394950065, 91.40469589638434
42.851127441743614, 81.84937655250349
42.89625023553796, 94.69727302483398
42.89625023553796, 92.86183265019537
42.92332391181458, 97.33155810776094
42.963934426229486, 86.70742981590405
42.963934426229486, 84.92597298169608
43.03161861692104, 102.0384760729699
43.03161861692104, 100.0950686174703
43.03161861692104, 88.65055804619459
43.0654607122668, 104.35962869887885
43.12186420450976, 90.80952736313759
43.16698699830411, 109.59561328282814
43.16698699830411, 107.65220582732849
43.16698699830411, 105.81676545268994
43.16698699830411, 95.77582693260842
43.16698699830411, 93.83241947710877
43.194060674580726, 112.2298983657551
43.23467118899566, 97.71895516289891
43.302355379687185, 114.77747471374227
43.302355379687185, 101.6054908486891
43.302355379687185, 99.66208339318945
43.336197475032975, 116.99066025879011
43.37003957037874, 104.03447094285451
43.43772376107029, 120.87705633197572
43.43772376107029, 119.0955994977677
43.43772376107029, 108.08295724993633
43.43772376107029, 106.13954979443668
43.50540795176181, 109.86413485893524
43.52796934865901, 112.18533402237898
43.60016581872998, 123.62954675343167
43.640776333144885, 115.207946911141
43.66333773004209, 117.36719545329316
43.73553420011305, 127.1271217229127
43.79870611142516, 119.95784694354109
43.84382890521951, 122.33293657234572
43.87767100056527, 129.94447616044806
43.934074492808236, 124.27597172756651
43.979197286602584, 132.26534956114784
44.046881477294136, 127.51451877805073
44.1416393442623, 134.63995519958996
44.20481125557441, 130.5369455166733
44.385302430751835, 132.0477400481709
44.41237610702845, 137.23004823941966
44.45298662144336, 134.31476952104475
44.79140757490106, 139.8196945189148
44.79140757490106, 137.87628706341513
44.79140757490106, 136.25678085049879
45.12982852835876, 138.84659466511937
45.19751271905031, 137.0108750652717
45.19751271905031, 135.06746760977205
45.33288110043338, 130.1004234397435
45.35995477671, 132.6915216903261
45.46824948181646, 124.91744510799293
45.49532315809307, 127.50854335857548
45.53593367250801, 135.28200564544858
45.60361786319953, 122.1097425551863
45.60361786319953, 117.46715807815934
45.67130205389108, 132.04243476919754
45.67130205389108, 130.0990273136979
45.76605992085925, 118.82687315650719
45.80667043527416, 127.50725892261352
45.80667043527416, 125.56385146711386
45.87435462596571, 115.84653496440649
45.87435462596571, 113.90312750890683
45.87435462596571, 111.95972005340718
45.94203881665723, 123.61988556119599
45.94203881665723, 121.67647810569633
45.97588091200299, 105.64322698521966
46.00972300734878, 107.85641253026739
46.043565102694544, 110.17756515617634
46.077407198040305, 119.4086109571951
46.077407198040305, 117.46520350169544
46.145091388731856, 101.80969755162812
46.145091388731856, 99.86629009612847
46.145091388731856, 97.92288264062881
46.145091388731856, 115.19761557840343
46.17893348407762, 104.18483371796748
46.21277557942338, 113.25392889769466
46.24661767476917, 89.60899857651106
46.28045977011493, 95.76298257298873
46.28045977011493, 93.81957511748908
46.28045977011493, 91.87616766198943
46.28045977011493, 111.3102422169859
46.28045977011493, 109.36683476148625
46.34814396080648, 107.42314808077748
46.34814396080648, 80.37739432507408
46.415828151498005, 85.61351852162784
46.415828151498005, 83.67011106612819
46.415828151498005, 81.72670361062859
46.415828151498005, 105.47946140006866
46.449670246843795, 87.82670406667569
46.483512342189556, 102.8879722341934
46.483512342189556, 100.94456477869375
46.483512342189556, 99.0011573231941
46.483512342189556, 97.05774986769444
46.55119653288108, 78.10924795136373
46.55119653288108, 75.8959227937114
46.55119653288108, 74.54633428294773
46.61888072357263, 92.19867277852711
46.61888072357263, 90.25526532302746
46.64144212046983, 94.68182256326247
46.68656491426418, 70.49701030023857
46.68656491426418, 68.55360284473892
46.68656491426418, 66.61019538923927
46.68656491426418, 64.66678793373961
46.68656491426418, 87.98767739973539
46.72040700960994, 72.76417938571689
46.754249104955704, 85.72008947644332
46.754249104955704, 83.77668202094367
46.754249104955704, 81.83327456544401
46.754249104955704, 79.88986710994436
46.754249104955704, 60.617743176239514
46.821933295647256, 77.62227918665235
46.85577539099302, 62.3987811726339
46.88961748633878, 75.35469126336028
46.95730167703033, 58.34959680252928
46.95730167703033, 56.1362716448769
46.95730167703033, 73.08710334006827
46.95730167703033, 71.14369588456861
46.95730167703033, 69.20028842906896
47.02498586772185, 66.60879926319365
47.02498586772185, 64.665391807694
47.092670058413404, 53.43653617293131
47.160354249104955, 61.425820931442956
47.160354249104955, 59.482413475943304
47.25511211607309, 50.54234826535219
47.318284027385204, 56.67461784806693
47.453652408768306, 53.43504697181601
47.52584887883927, 47.56133993274955
47.56645939325418, 50.411503332356915
47.7695119653288, 44.19176179913063
47.837196156020326, 47.819176490854204
47.90488034671188, 46.199391052728686
47.90488034671188, 40.04526744364648
47.93872244205764, 42.47438715041653
48.07409082344074, 37.939211303832394
48.175617109478026, 44.57876793897583
48.209459204823816, 35.995245397914516
48.24330130016958, 41.98727877310051
48.24330130016958, 40.04387131760086
48.33805916713774, 32.91765306547609
48.4463538722442, 29.462259717586562
48.4463538722442, 38.09962618647387
48.514038062935725, 35.5081370205985
48.55464857735066, 26.050053202041454
48.6494064443188, 32.59246738693082
48.71709063501035, 23.603928680035835
48.7847748257019, 30.000698995846392
48.7847748257019, 28.05729154034674
48.94270460398215, 25.57339715505367
48.960753721499884, 21.513760454620865
49.1231957791596, 23.845179260718567
49.190879969851125, 18.176628290302062
49.258564160542676, 21.901213354800632
49.29240625588844, 19.795715665404828
49.39393254192575, 16.07043253788345
49.596985114000375, 19.308607288088808
49.6646693046919, 17.14898644565784
49.6646693046919, 13.69403985810294
49.83387978142076, 11.534000177858275
49.935406067458075, 14.772593765877332
50.07077444884115, 9.265714191543452
50.13845863953267, 12.18054614958379
50.20614283022422, 10.560760711458329
50.23321650650084, 7.256856347025234
50.503953269267015, 4.664529505522523
50.54456378368192, 8.29205588732981
50.612247974373446, 6.672270449204234
50.78145845110231, 2.622806853890495
50.88298473713962, 4.835713173729232
51.05219521386846, 0.6782824975543917
51.15372149990577, 2.891188817393072
51.42445826267192, 0.3528455163209401
51.42445826267192, -1.5365783987481336
51.72226870171471, -2.984565873206975
51.83056340682117, -0.7824841839752708
52.12837384586396, -3.3101424670449546
52.50740531373657, -2.7286838915661633
52.50740531373657, -4.348190104482512
52.91351045788579, -4.2418983748762
52.940584134162435, -2.0826684477380013
53.28577350668925, -2.4079937388878534
53.31961560203504, 0.021125967882198893
53.59035236480119, -0.7897440394124828
53.617426041077806, 1.8013542111700644
53.86108912756734, 4.229608319791737
53.92877331825889, 1.9620203964997245
54.15889956661013, 6.592858799729527
54.26719427171659, 4.2819165089675835
54.402562653099665, 9.409794399451187
54.53793103448274, 6.899001319012541
54.56500471075938, 12.421405814973696
54.7071415112116, 15.238760252509053
54.76354500345457, 9.570255819627448
54.84250989259468, 17.667461121465408
54.89891338483764, 12.052940229014382
54.97787827397775, 20.258112611713386
55.079404560015064, 14.994298581921441
55.113246655360825, 22.524862859378004
55.147088750706615, 17.34230336544107
55.2486150367439, 25.277464970917606
55.305018528986864, 19.716927618897103
55.383983418127, 27.544215218582224
55.41782551347276, 22.52360634593697
55.55319389485584, 24.628405972309963
55.65472018089315, 30.45820950099528
55.68856227623891, 26.247353734808144
55.790088562276225, 32.40105850607665
55.790088562276225, 28.190342352494042
55.91868852459015, 35.73671077678705
56.02698322969661, 30.294723141053453
56.06082532504237, 38.877966456905654
56.11722881728534, 33.101494943163004
56.162351611079686, 42.76436253009126
56.162351611079686, 40.659004453299985
56.25259719866841, 36.01604767599423
56.3247936687394, 45.840754194130454
56.387965580051514, 38.60669916624221
56.43308837384586, 48.64745153618429
56.500772564537385, 41.14346019112929
56.56845675522894, 43.734390906586384
56.59553043150555, 51.281178168692975
56.70382513661201, 54.26062284012454
56.70382513661201, 46.70292717984813
56.77150932730356, 48.43012124841647
56.839193517995085, 55.98753768348371
56.873035613340846, 58.30869030939266
56.906877708686636, 50.3729702534979
56.97456189937816, 62.19508638257827
56.97456189937816, 60.089728305786934
56.97456189937816, 52.63999972637163
57.10993028076123, 65.1096391154095
57.10993028076123, 54.25894748886981
57.177614471452785, 56.20207571916035
57.245298662144336, 58.63105581332576
57.27237233842095, 67.86212953686544
57.31298285283586, 61.06003590749117
57.407740719804025, 71.35970450634653
57.407740719804025, 63.71563518138123
57.516035424910484, 66.56551935577949
57.549877520256246, 74.17705894388189
57.65140380629356, 75.63419569769292
57.65140380629356, 68.75129429279832
57.67847748257017, 77.9661729542089
57.71908799698511, 71.09929907631795
57.82061428302242, 80.65396689471083
57.854456378368184, 73.36604932398262
57.92214056905971, 82.97484029541067
57.98982475975126, 75.6327995716473
58.01238615664846, 77.79204811379947
58.05750895044281, 85.51150824522807
58.147754538031535, 80.59863376576953
58.2199510081025, 88.58789990926726
58.28312291941461, 83.40521941773966
58.39592990390051, 86.31986522564063
58.598982475975106, 88.37040208637399
58.62605615225175, 90.52963201351218
58.971245524778595, 89.39455361590416
59.00508762012436, 91.60773916095201
59.14045600150743, 87.72036579953442
59.30966647823627, 85.7492685107967
59.343508573582056, 89.23106725596239
59.41119276427358, 81.94301007262953
59.44503485961937, 83.88627791552466
59.58040324100244, 80.64670703927362
59.614245336348205, 86.63874041445968
59.71577162238552, 78.3788398907725
59.74961371773128, 83.723070780792
59.85114000376859, 76.272923363563
59.88498209911435, 81.45520363229076
59.986508385151666, 73.92408090441597
60.020350480497456, 79.18733648378964
60.12187676653474, 71.41328782397733
60.15571886188053, 76.59556809270515
60.25724514791784, 69.71224784999691
60.358771433955155, 73.84156985511999
60.52798191068399, 67.4438222510775
60.56182400602975, 70.76367037495146
60.629508196721304, 68.8199836942427
60.663350292067065, 65.33790572386795
60.93408705483321, 63.23143074624022
60.967929150179, 66.55127887011417
61.035613340870526, 64.93149343198871
61.27927642736006, 62.274498032052975
61.57708686640285, 61.58228012362184
61.712455247785925, 63.52512912870327
61.9831920105521, 62.22840725753366
62.01026568682872, 64.99225283749394
62.281002449594865, 67.58234587732369
62.32161296400977, 64.76423753172367
62.389297154701325, 70.43223005172189
62.55850763143019, 72.53689006549035
62.59234972677595, 66.54457746509519
62.687107593744116, 68.876275496402
62.69387601281326, 74.80364031315503
62.795402298850576, 77.55638203729922
62.8630864895421, 71.72588044559114
62.93077068023365, 79.06736271893624
62.93077068023365, 73.66900867588163
62.96461277557941, 81.28054826398403
63.066139061616724, 82.73768501779506
63.066139061616724, 75.69283299160884
63.09321273789334, 85.06966227431104
63.2015074429998, 87.91954644870924
63.2015074429998, 78.20250917121103
63.26919163369135, 80.14563740150157
63.33687582438287, 82.088765631792
63.37071791972866, 89.70030521989446
63.40456001507442, 83.7079926194993
63.472244205765946, 92.02117862059424
63.472244205765946, 85.97502209237308
63.60761258714905, 94.55784657041164
63.60761258714905, 87.91787109745451
63.697858174737775, 89.8609062526753
63.8783493499152, 95.90631818033881
63.90542302619181, 92.71038089676682
64.2167703033729, 95.04118540740444
64.25061239871866, 87.10546535150962
64.28445449406442, 93.09749872669568
64.28445449406442, 91.15409127119602
64.28445449406442, 89.21068381569637
64.38598078010173, 81.92248701975899
64.44689655172414, 84.67539627902858
64.5551912568306, 76.68538553497325
64.5551912568306, 74.7419780794736
64.5551912568306, 91.80077685552607
64.58226493310721, 79.23329695321138
64.62287544752212, 89.8570901748173
64.62287544752212, 87.91368271931765
64.65671754286791, 69.7750735220497
64.72440173355943, 72.20405361621516
64.7582438289052, 85.32191432823316
64.7582438289052, 83.37850687273351
64.7582438289052, 81.43509941723386
64.82592801959674, 65.67162638630538
64.82592801959674, 63.728218930805724
64.8597701149425, 67.99277901221433
64.8936122102883, 78.84333102614949
64.8936122102883, 76.89992357064983
64.8936122102883, 74.95651611515018
64.96129640097982, 59.19304308422164
64.99513849632561, 61.51419571013059
65.02898059167137, 72.688648966649
65.02898059167137, 70.74524151114935
65.0966647823629, 55.089735561081966
65.0966647823629, 53.14632810558231
65.0966647823629, 68.47765358785728
65.13050687770868, 57.46487172742138
65.16434897305444, 66.53396690714851
65.16434897305444, 64.59055945164886
65.232033163746, 50.98642803794223
65.232033163746, 49.04302058244258
65.232033163746, 47.20758020780397
65.232033163746, 62.64687277094009
65.29971735443752, 60.70318609023133
65.36740154512907, 45.15564722102505
65.36740154512907, 43.212239765525396
65.36740154512907, 58.75949940952256
65.36740154512907, 56.81609195402291
65.43508573582059, 54.87240527331414
65.43508573582059, 52.92899781781449
65.43508573582059, 39.487096250608545
65.5366120218579, 41.10618362571131
65.57045411720367, 50.33722942673006
65.57045411720367, 48.39382197123041
65.57045411720367, 46.450414515730756
65.63813830789522, 37.21894987689831
65.63813830789522, 35.59944366398196
65.72838389548394, 44.07448721129879
65.77350668927829, 33.92539546021669
65.77350668927829, 32.0899550855782
65.84119087996984, 40.61907524839529
65.84119087996984, 38.67566779289564
65.90887507066137, 30.25395626052142
65.97655926135292, 36.08389940181121
66.04424345204447, 28.309990354603542
66.04424345204447, 34.14021272110244
66.11192764273599, 32.19652604039368
66.17961183342754, 26.366024448685607
66.31498021481062, 29.82041258582234
66.31498021481062, 24.745959785350976
66.38266440550214, 27.66079174339137
66.45034859619369, 22.80199387943304
66.58571697757677, 20.922808222031847
66.58571697757677, 26.364349097430875
66.65340116826832, 24.42066241672211
66.75492745430563, 18.751971833701077
66.85645374034294, 16.387073925029483
66.85645374034294, 21.82861480042851
66.99182212172602, 14.054426528011675
66.99182212172602, 19.884648894510633
67.12719050310909, 12.110460622093797
67.12719050310909, 17.940682988592755
67.19487469380064, 15.996996307883933
67.26255888449217, 10.166494716175862
67.33024307518372, 14.053030401966055
67.39792726587524, 8.092968313224674
67.46561145656679, 11.78516325346493
67.53329564725831, 5.760320916206865
67.66866402864142, 3.4276735191890566
67.66866402864142, 8.869214394588084
67.80403241002449, 1.418927364754495
67.87171660071601, 6.277166778294486
67.96647446768418, -0.3308094856971593
68.00708498209912, 3.361497144626753
68.21013755417371, -2.469562897499543
68.27782174486526, 0.4452690605407952
68.34550593555679, -1.1745163775847232
68.37934803090258, -4.251717794730325
68.68392688901449, -3.119319959129939
68.75161107970604, -4.95503955897766
68.75161107970604, -6.68251285275511
69.04942151874883, -7.849785916975009
69.15771622385526, -6.036385718843292
69.45552666289805, -8.628824250429659
69.83455813077066, -9.278190396767286
69.83455813077066, -11.113630771405838
70.24066327491991, -10.359536556632918
70.24066327491991, -12.19497693127147
70.64676841906913, -11.440882716498606
70.64676841906913, -13.168356010276057
71.05287356321838, -11.874426391197744
71.05287356321838, -13.493932604114093
71.4589787073676, -12.523904227619028
71.7973996608253, -12.849201596247894
71.89892594686262, -11.31108953179097
72.135820614283, -12.202795237126963
72.29826267194272, -10.972640655812427
72.54192575843226, -8.803507541257318
72.60960994912378, -10.909144843257707
72.83973619747502, -6.699378055386148
72.88034671188996, -9.128804909886185
73.18492557000187, -7.024703346535944
73.21876766534763, -4.595583639766005
73.4895044281138, -0.8718362508947735
73.4895044281138, -2.8152437063944262
73.53462722190815, -5.082738554616753
73.65871490484264, 0.9089225202904458
73.79408328622571, 3.01372214666344
73.8279253815715, -1.8449361046902482
73.92945166760882, 5.442423015619738
73.96329376295458, 0.2598635216828029
74.06482004899189, 7.871123884576036
74.09866214433765, 2.688564390639101
74.20018843037496, 10.13787413224071
74.23403052572073, 5.117265259595399
74.33555681175804, 12.89047624378037
74.391960304001, 7.329938891759809
74.43708309779535, 16.77687231696592
74.43708309779535, 14.671514240174645
74.52732868538408, 10.136524543729934
74.59952515545504, 19.85326398100517
74.66269706676715, 12.619208953116868
74.74166195590729, 22.76778879131541
74.77550405125305, 14.994019356712329
74.84318824194457, 25.25061281330693
74.84318824194457, 17.261048829586116
74.93343382953333, 20.067820631695668
75.00563029960429, 27.884339445815556
75.0462408140192, 23.09043352045768
75.11392500471075, 30.863784117247178
75.11392500471075, 21.47064808233216
75.18160919540227, 25.033282525539107
75.24929338609383, 38.20498716538316
75.24929338609383, 36.261579709883506
75.24929338609383, 34.31817225438391
75.24929338609383, 32.37476479888426
75.24929338609383, 26.976410755829647
75.28313548143959, 40.41817271043095
75.3846617674769, 48.191383694615865
75.3846617674769, 45.97805853696349
75.3846617674769, 44.034651081463835
75.3846617674769, 42.52311194940853
75.3846617674769, 28.838284450265178
75.52003014885997, 54.398932393710425
75.52003014885997, 52.45552493821077
75.52003014885997, 50.51211748271112
75.52003014885997, 30.862108765992446
75.54710382513662, 57.03321747663733
75.58771433955152, 40.57886681828154
75.58771433955152, 38.63545936278189
75.58771433955152, 36.692051907282234
75.58771433955152, 34.74864445178258
75.6102757364487, 32.373275597768895
75.65539853024308, 65.6269503528456
75.65539853024308, 63.683542897345944
75.65539853024308, 61.74013544184629
75.65539853024308, 59.79672798634664
75.68924062558884, 67.94810297875455
75.7230827209346, 46.08462949177891
75.7230827209346, 44.141222036279316
75.7230827209346, 42.35976520207129
75.7456441178318, 48.567779276514386
75.79076691162615, 71.24068010720418
75.79076691162615, 69.40523973256558
75.79076691162615, 51.59067139048551
75.81784058790277, 73.87496519013115
75.85845110231767, 57.4206145317753
75.85845110231767, 55.477207076275704
75.88101249921488, 53.10183822226196
75.92613529300922, 76.63847569984051
75.92613529300922, 59.36374276206584
75.95997738835499, 78.9596283257494
75.99381948370075, 64.86978466077238
75.99381948370075, 62.92637720527273
75.99381948370075, 61.30687099235632
76.01638088059795, 67.3529344455078
76.0615036743923, 80.09286383697719
76.0615036743923, 70.37582655947892
76.08857735066891, 82.68396208755968
76.12918786508385, 72.31895478976946
76.19687205577537, 74.66695957328909
76.22394573205199, 85.92241606297421
76.2871176433641, 77.7166573073361
76.42248602474717, 80.30730879758408
76.46760881854155, 82.8983325881108
76.50145091388731, 88.35053055899135
76.60297719992462, 84.30134618888678
76.63681929527039, 90.7792314279477
76.63681929527039, 86.40656465307347
76.87371396269077, 79.87357897274546
76.87371396269077, 77.93017151724587
76.90755605803653, 82.19473159865441
77.00908234407385, 91.1015969318808
77.00908234407385, 89.15818947638115
77.00908234407385, 87.2147820208815
77.00908234407385, 85.27137456538185
77.00908234407385, 83.3279671098822
77.00908234407385, 73.61092983238399
77.00908234407385, 71.66752237688434
77.04292443941961, 75.8780989178623
77.14445072545692, 67.3482806920224
77.14445072545692, 65.40487323652275
77.14445072545692, 63.461465781023094
77.14445072545692, 61.51805832552344
77.14445072545692, 59.57465087002379
77.17829282080271, 69.72341685836187
77.21213491614847, 80.7359194935886
77.21213491614847, 78.792512038089
77.24597701149423, 55.147581716905336
77.27981910684002, 57.41475080238371
77.27981910684002, 82.67904772387914
77.27981910684002, 76.84882535738024
77.27981910684002, 74.90541790188058
77.34750329753155, 72.96173122117182
77.38134539287731, 49.31680089998815
77.4151874882231, 53.52737744096618
77.4151874882231, 51.583969985466524
77.4151874882231, 71.018044540463
77.4151874882231, 69.07463708496334
77.4151874882231, 67.13122962946369
77.4151874882231, 65.18782217396404
77.48287167891462, 63.24413549325527
77.48287167891462, 61.30072803775562
77.48287167891462, 59.357320582255966
77.55055586960617, 45.32132084510499
77.55055586960617, 43.37791338960534
77.58439796495193, 47.534506390152785
77.6182400602977, 56.76555219117154
77.6182400602977, 54.82214473567194
77.65208215564348, 39.274745479070134
77.68592425098925, 41.43394748368746
77.7536084416808, 51.90647510200415
77.7536084416808, 49.9630676465045
77.82129263237232, 36.8447880966728
77.88897682306387, 47.04739801283682
77.88897682306387, 45.10399055733717
77.88897682306387, 43.16058310183752
77.9566610137554, 33.6592007608524
78.02434520444694, 40.56881471075309
78.02434520444694, 38.625407255253435
78.0920293951385, 30.85149820804571
78.0920293951385, 29.016057833407103
78.15971358583002, 36.6814413493355
78.15971358583002, 25.182947237629264
78.26123987186733, 26.802034612731973
78.2950819672131, 34.08967295825107
78.2950819672131, 32.146265502751476
78.32892406255888, 20.32373053585735
78.38983983418126, 23.076639795126994
78.45301174549337, 29.338469874875102
78.49813453928772, 17.731822532168337
78.49813453928772, 16.11231631925193
78.58838012687644, 26.530767322068527
78.6335029206708, 12.27892649826498
78.66734501601655, 14.654062664604396
78.70118711136234, 23.72315784433158
78.70118711136234, 21.77975038883193
78.76887130205387, 19.404195384678815
78.76887130205387, 10.874795996652551
78.83655549274542, 17.24457454224779
79.03960806482004, 14.2206586025099
79.03960806482004, 12.277251147010247
79.44571320896927, 13.19329598307479
79.44571320896927, 10.97997082542247
79.71644997173544, 9.251380630808399
79.71644997173544, 12.058524733196805
80.02102882984735, 7.765576755527377
80.12255511588467, 9.141738198692622
80.42036555492746, 7.4562231463394255
80.79939702280006, 8.815044704018135
80.79939702280006, 7.087571410240685
81.20550216694929, 7.949632705874592
81.20550216694929, 6.114192331236097
81.37471264367815, 4.5209798255122
81.54392312040699, 7.192467013801377
81.63868098737515, 2.3983377082761876
81.74697569248161, 4.70838647836888
81.9094177501413, 0.32425285490666056
82.15308083663086, 1.4676987012813925
82.3222913133597, -0.6653492087479549
82.69455436216316, -0.0460742324468697
82.69455436216316, -1.6655804453632186
83.10065950631241, -0.2636837454238048
83.10065950631241, -1.8831899583402105
83.50676465046163, -0.2653590966785373
83.50676465046163, -1.884865309594943
83.91286979461088, -0.2670344479332698
83.91286979461088, -1.8865406608496755
84.3189749387601, -0.2687097991880023
84.3189749387601, -1.888216012104408
84.72508008290936, -0.2703851504427348
84.72508008290936, -1.8898913633591405
85.13118522705858, -0.2720605016974673
85.13118522705858, -1.891566714613873
85.53729037120783, -0.27373585295225666
85.53729037120783, -1.8932420658686624
85.94339551535705, -0.27541120420698917
85.94339551535705, -1.894917417123395
86.3495006595063, -0.2770865554617217
86.3495006595063, -1.8965927683781274
86.75560580365553, -0.2787619067164542
86.75560580365553, -1.89826811963286
87.16171094780478, -0.2804372579711867
87.16171094780478, -1.8999434708875924
87.567816091954, -0.2821126092259192
87.567816091954, -1.901618822142325
87.97392123610325, -0.28378796048070853
87.97392123610325, -1.9032941733971143
88.38002638025247, -0.28546331173544104
88.38002638025247, -1.9049695246518468
88.78613152440172, -0.28713866299017354
88.78613152440172, -1.9066448759065793
89.19223666855095, -0.28881401424490605
89.19223666855095, -1.9083202271613118
89.5983418127002, -0.7223576889439869
89.5983418127002, -2.125929740138247
89.86907857546635, -1.5872112366692477
